boro_cd,BOROUGH,year,poverty_rate,REFUSETONSCOLLECTED,total_recycled,unemployment_cd,pct_white_nh,pct_hispanic,pct_black_nh,pct_foreign_born,fp_100_mhhi,pct_recycled_CURRENT,pct_recycled_2009
101,,2009,,,,2.8,72.0,6.4,2.3,23.9,121000.0,,52.54816131380981
101,,2010,,,,2.8,72.0,6.4,2.3,23.9,121000.0,,52.54816131380981
101,,2011,,,,2.8,72.0,6.4,2.3,23.9,121000.0,,52.54816131380981
101,,2012,,,,2.8,72.0,6.4,2.3,23.9,121000.0,,52.54816131380981
101,,2013,,,,2.8,72.0,6.4,2.3,23.9,121000.0,,52.54816131380981
101,,2014,,,,2.8,72.0,6.4,2.3,23.9,121000.0,,52.54816131380981
101,,2015,,,,2.8,72.0,6.4,2.3,23.9,121000.0,,52.54816131380981
101,,2016,,,,2.8,72.0,6.4,2.3,23.9,121000.0,,52.54816131380981
101,,2017,,,,2.8,72.0,6.4,2.3,23.9,121000.0,,52.54816131380981
101,,2018,,,,2.8,72.0,6.4,2.3,23.9,121000.0,,52.54816131380981
101,,2019,,,,2.8,72.0,6.4,2.3,23.9,121000.0,,52.54816131380981
102,,2009,,,,2.8,72.0,6.4,2.3,23.9,121000.0,,35.76755225167286
102,,2010,,,,2.8,72.0,6.4,2.3,23.9,121000.0,,35.76755225167286
102,,2011,,,,2.8,72.0,6.4,2.3,23.9,121000.0,,35.76755225167286
102,,2012,,,,2.8,72.0,6.4,2.3,23.9,121000.0,,35.76755225167286
102,,2013,,,,2.8,72.0,6.4,2.3,23.9,121000.0,,35.76755225167286
102,,2014,,,,2.8,72.0,6.4,2.3,23.9,121000.0,,35.76755225167286
102,,2015,,,,2.8,72.0,6.4,2.3,23.9,121000.0,,35.76755225167286
102,,2016,,,,2.8,72.0,6.4,2.3,23.9,121000.0,,35.76755225167286
102,,2017,,,,2.8,72.0,6.4,2.3,23.9,121000.0,,35.76755225167286
102,,2018,,,,2.8,72.0,6.4,2.3,23.9,121000.0,,35.76755225167286
102,,2019,,,,2.8,72.0,6.4,2.3,23.9,121000.0,,35.76755225167286
103,,2009,,,,4.1,32.7,25.1,7.4,34.9,18000.0,,20.93097425169256
103,,2010,,,,4.1,32.7,25.1,7.4,34.9,18000.0,,20.93097425169256
103,,2011,,,,4.1,32.7,25.1,7.4,34.9,18000.0,,20.93097425169256
103,,2012,,,,4.1,32.7,25.1,7.4,34.9,18000.0,,20.93097425169256
103,,2013,,,,4.1,32.7,25.1,7.4,34.9,18000.0,,20.93097425169256
103,,2014,,,,4.1,32.7,25.1,7.4,34.9,18000.0,,20.93097425169256
103,,2015,,,,4.1,32.7,25.1,7.4,34.9,18000.0,,20.93097425169256
103,,2016,,,,4.1,32.7,25.1,7.4,34.9,18000.0,,20.93097425169256
103,,2017,,,,4.1,32.7,25.1,7.4,34.9,18000.0,,20.93097425169256
103,,2018,,,,4.1,32.7,25.1,7.4,34.9,18000.0,,20.93097425169256
103,,2019,,,,4.1,32.7,25.1,7.4,34.9,18000.0,,20.93097425169256
104,,2009,,,,3.7,59.3,15.1,6.0,29.4,105000.0,,37.66650937698891
104,,2010,,,,3.7,59.3,15.1,6.0,29.4,105000.0,,37.66650937698891
104,,2011,,,,3.7,59.3,15.1,6.0,29.4,105000.0,,37.66650937698891
104,,2012,,,,3.7,59.3,15.1,6.0,29.4,105000.0,,37.66650937698891
104,,2013,,,,3.7,59.3,15.1,6.0,29.4,105000.0,,37.66650937698891
104,,2014,,,,3.7,59.3,15.1,6.0,29.4,105000.0,,37.66650937698891
104,,2015,,,,3.7,59.3,15.1,6.0,29.4,105000.0,,37.66650937698891
104,,2016,,,,3.7,59.3,15.1,6.0,29.4,105000.0,,37.66650937698891
104,,2017,,,,3.7,59.3,15.1,6.0,29.4,105000.0,,37.66650937698891
104,,2018,,,,3.7,59.3,15.1,6.0,29.4,105000.0,,37.66650937698891
104,,2019,,,,3.7,59.3,15.1,6.0,29.4,105000.0,,37.66650937698891
105,,2009,,,,3.7,59.3,15.1,6.0,29.4,,,33.444170133543
105,,2010,,,,3.7,59.3,15.1,6.0,29.4,,,33.444170133543
105,,2011,,,,3.7,59.3,15.1,6.0,29.4,,,33.444170133543
105,,2012,,,,3.7,59.3,15.1,6.0,29.4,,,33.444170133543
105,,2013,,,,3.7,59.3,15.1,6.0,29.4,,,33.444170133543
105,,2014,,,,3.7,59.3,15.1,6.0,29.4,,,33.444170133543
105,,2015,,,,3.7,59.3,15.1,6.0,29.4,,,33.444170133543
105,,2016,,,,3.7,59.3,15.1,6.0,29.4,,,33.444170133543
105,,2017,,,,3.7,59.3,15.1,6.0,29.4,,,33.444170133543
105,,2018,,,,3.7,59.3,15.1,6.0,29.4,,,33.444170133543
105,,2019,,,,3.7,59.3,15.1,6.0,29.4,,,33.444170133543
106,,2009,,,,2.4,68.7,9.0,3.3,22.3,92000.0,,39.07320416552111
106,,2010,,,,2.4,68.7,9.0,3.3,22.3,92000.0,,39.07320416552111
106,,2011,,,,2.4,68.7,9.0,3.3,22.3,92000.0,,39.07320416552111
106,,2012,,,,2.4,68.7,9.0,3.3,22.3,92000.0,,39.07320416552111
106,,2013,,,,2.4,68.7,9.0,3.3,22.3,92000.0,,39.07320416552111
106,,2014,,,,2.4,68.7,9.0,3.3,22.3,92000.0,,39.07320416552111
106,,2015,,,,2.4,68.7,9.0,3.3,22.3,92000.0,,39.07320416552111
106,,2016,,,,2.4,68.7,9.0,3.3,22.3,92000.0,,39.07320416552111
106,,2017,,,,2.4,68.7,9.0,3.3,22.3,92000.0,,39.07320416552111
106,,2018,,,,2.4,68.7,9.0,3.3,22.3,92000.0,,39.07320416552111
106,,2019,,,,2.4,68.7,9.0,3.3,22.3,92000.0,,39.07320416552111
107,,2009,,,,3.4,67.3,15.0,5.6,23.0,87000.0,,34.4535111767942
107,,2010,,,,3.4,67.3,15.0,5.6,23.0,87000.0,,34.4535111767942
107,,2011,,,,3.4,67.3,15.0,5.6,23.0,87000.0,,34.4535111767942
107,,2012,,,,3.4,67.3,15.0,5.6,23.0,87000.0,,34.4535111767942
107,,2013,,,,3.4,67.3,15.0,5.6,23.0,87000.0,,34.4535111767942
107,,2014,,,,3.4,67.3,15.0,5.6,23.0,87000.0,,34.4535111767942
107,,2015,,,,3.4,67.3,15.0,5.6,23.0,87000.0,,34.4535111767942
107,,2016,,,,3.4,67.3,15.0,5.6,23.0,87000.0,,34.4535111767942
107,,2017,,,,3.4,67.3,15.0,5.6,23.0,87000.0,,34.4535111767942
107,,2018,,,,3.4,67.3,15.0,5.6,23.0,87000.0,,34.4535111767942
107,,2019,,,,3.4,67.3,15.0,5.6,23.0,87000.0,,34.4535111767942
108,,2009,,,,2.1,75.6,9.5,2.4,23.2,72000.0,,34.940714934838006
108,,2010,,,,2.1,75.6,9.5,2.4,23.2,72000.0,,34.940714934838006
108,,2011,,,,2.1,75.6,9.5,2.4,23.2,72000.0,,34.940714934838006
108,,2012,,,,2.1,75.6,9.5,2.4,23.2,72000.0,,34.940714934838006
108,,2013,,,,2.1,75.6,9.5,2.4,23.2,72000.0,,34.940714934838006
108,,2014,,,,2.1,75.6,9.5,2.4,23.2,72000.0,,34.940714934838006
108,,2015,,,,2.1,75.6,9.5,2.4,23.2,72000.0,,34.940714934838006
108,,2016,,,,2.1,75.6,9.5,2.4,23.2,72000.0,,34.940714934838006
108,,2017,,,,2.1,75.6,9.5,2.4,23.2,72000.0,,34.940714934838006
108,,2018,,,,2.1,75.6,9.5,2.4,23.2,72000.0,,34.940714934838006
108,,2019,,,,2.1,75.6,9.5,2.4,23.2,72000.0,,34.940714934838006
109,,2009,,,,4.1,28.5,38.0,21.6,33.7,32000.0,,16.952862193958108
109,,2010,,,,4.1,28.5,38.0,21.6,33.7,32000.0,,16.952862193958108
109,,2011,,,,4.1,28.5,38.0,21.6,33.7,32000.0,,16.952862193958108
109,,2012,,,,4.1,28.5,38.0,21.6,33.7,32000.0,,16.952862193958108
109,,2013,,,,4.1,28.5,38.0,21.6,33.7,32000.0,,16.952862193958108
109,,2014,,,,4.1,28.5,38.0,21.6,33.7,32000.0,,16.952862193958108
109,,2015,,,,4.1,28.5,38.0,21.6,33.7,32000.0,,16.952862193958108
109,,2016,,,,4.1,28.5,38.0,21.6,33.7,32000.0,,16.952862193958108
109,,2017,,,,4.1,28.5,38.0,21.6,33.7,32000.0,,16.952862193958108
109,,2018,,,,4.1,28.5,38.0,21.6,33.7,32000.0,,16.952862193958108
109,,2019,,,,4.1,28.5,38.0,21.6,33.7,32000.0,,16.952862193958108
110,,2009,,,,6.9,14.0,23.5,56.1,23.3,25000.0,,11.693098325953377
110,,2010,,,,6.9,14.0,23.5,56.1,23.3,25000.0,,11.693098325953377
110,,2011,,,,6.9,14.0,23.5,56.1,23.3,25000.0,,11.693098325953377
110,,2012,,,,6.9,14.0,23.5,56.1,23.3,25000.0,,11.693098325953377
110,,2013,,,,6.9,14.0,23.5,56.1,23.3,25000.0,,11.693098325953377
110,,2014,,,,6.9,14.0,23.5,56.1,23.3,25000.0,,11.693098325953377
110,,2015,,,,6.9,14.0,23.5,56.1,23.3,25000.0,,11.693098325953377
110,,2016,,,,6.9,14.0,23.5,56.1,23.3,25000.0,,11.693098325953377
110,,2017,,,,6.9,14.0,23.5,56.1,23.3,25000.0,,11.693098325953377
110,,2018,,,,6.9,14.0,23.5,56.1,23.3,25000.0,,11.693098325953377
110,,2019,,,,6.9,14.0,23.5,56.1,23.3,25000.0,,11.693098325953377
111,,2009,,,,6.2,13.8,46.3,29.9,24.2,22000.0,,13.475998820713906
111,,2010,,,,6.2,13.8,46.3,29.9,24.2,22000.0,,13.475998820713906
111,,2011,,,,6.2,13.8,46.3,29.9,24.2,22000.0,,13.475998820713906
111,,2012,,,,6.2,13.8,46.3,29.9,24.2,22000.0,,13.475998820713906
111,,2013,,,,6.2,13.8,46.3,29.9,24.2,22000.0,,13.475998820713906
111,,2014,,,,6.2,13.8,46.3,29.9,24.2,22000.0,,13.475998820713906
111,,2015,,,,6.2,13.8,46.3,29.9,24.2,22000.0,,13.475998820713906
111,,2016,,,,6.2,13.8,46.3,29.9,24.2,22000.0,,13.475998820713906
111,,2017,,,,6.2,13.8,46.3,29.9,24.2,22000.0,,13.475998820713906
111,,2018,,,,6.2,13.8,46.3,29.9,24.2,22000.0,,13.475998820713906
111,,2019,,,,6.2,13.8,46.3,29.9,24.2,22000.0,,13.475998820713906
112,,2009,,,,6.8,18.6,69.2,7.9,46.3,22000.0,,15.712390756862076
112,,2010,,,,6.8,18.6,69.2,7.9,46.3,22000.0,,15.712390756862076
112,,2011,,,,6.8,18.6,69.2,7.9,46.3,22000.0,,15.712390756862076
112,,2012,,,,6.8,18.6,69.2,7.9,46.3,22000.0,,15.712390756862076
112,,2013,,,,6.8,18.6,69.2,7.9,46.3,22000.0,,15.712390756862076
112,,2014,,,,6.8,18.6,69.2,7.9,46.3,22000.0,,15.712390756862076
112,,2015,,,,6.8,18.6,69.2,7.9,46.3,22000.0,,15.712390756862076
112,,2016,,,,6.8,18.6,69.2,7.9,46.3,22000.0,,15.712390756862076
112,,2017,,,,6.8,18.6,69.2,7.9,46.3,22000.0,,15.712390756862076
112,,2018,,,,6.8,18.6,69.2,7.9,46.3,22000.0,,15.712390756862076
112,,2019,,,,6.8,18.6,69.2,7.9,46.3,22000.0,,15.712390756862076
201,,2009,,,,5.9,1.9,67.5,28.7,29.5,17000.0,,8.537181472493822
201,,2010,,,,5.9,1.9,67.5,28.7,29.5,17000.0,,8.537181472493822
201,,2011,,,,5.9,1.9,67.5,28.7,29.5,17000.0,,8.537181472493822
201,,2012,,,,5.9,1.9,67.5,28.7,29.5,17000.0,,8.537181472493822
201,,2013,,,,5.9,1.9,67.5,28.7,29.5,17000.0,,8.537181472493822
201,,2014,,,,5.9,1.9,67.5,28.7,29.5,17000.0,,8.537181472493822
201,,2015,,,,5.9,1.9,67.5,28.7,29.5,17000.0,,8.537181472493822
201,,2016,,,,5.9,1.9,67.5,28.7,29.5,17000.0,,8.537181472493822
201,,2017,,,,5.9,1.9,67.5,28.7,29.5,17000.0,,8.537181472493822
201,,2018,,,,5.9,1.9,67.5,28.7,29.5,17000.0,,8.537181472493822
201,,2019,,,,5.9,1.9,67.5,28.7,29.5,17000.0,,8.537181472493822
202,,2009,,,,5.9,1.9,67.5,28.7,29.5,17000.0,,9.758206308256135
202,,2010,,,,5.9,1.9,67.5,28.7,29.5,17000.0,,9.758206308256135
202,,2011,,,,5.9,1.9,67.5,28.7,29.5,17000.0,,9.758206308256135
202,,2012,,,,5.9,1.9,67.5,28.7,29.5,17000.0,,9.758206308256135
202,,2013,,,,5.9,1.9,67.5,28.7,29.5,17000.0,,9.758206308256135
202,,2014,,,,5.9,1.9,67.5,28.7,29.5,17000.0,,9.758206308256135
202,,2015,,,,5.9,1.9,67.5,28.7,29.5,17000.0,,9.758206308256135
202,,2016,,,,5.9,1.9,67.5,28.7,29.5,17000.0,,9.758206308256135
202,,2017,,,,5.9,1.9,67.5,28.7,29.5,17000.0,,9.758206308256135
202,,2018,,,,5.9,1.9,67.5,28.7,29.5,17000.0,,9.758206308256135
202,,2019,,,,5.9,1.9,67.5,28.7,29.5,17000.0,,9.758206308256135
203,,2009,,,,8.2,4.2,63.3,30.6,31.4,31000.0,,8.390757203845045
203,,2010,,,,8.2,4.2,63.3,30.6,31.4,31000.0,,8.390757203845045
203,,2011,,,,8.2,4.2,63.3,30.6,31.4,31000.0,,8.390757203845045
203,,2012,,,,8.2,4.2,63.3,30.6,31.4,31000.0,,8.390757203845045
203,,2013,,,,8.2,4.2,63.3,30.6,31.4,31000.0,,8.390757203845045
203,,2014,,,,8.2,4.2,63.3,30.6,31.4,31000.0,,8.390757203845045
203,,2015,,,,8.2,4.2,63.3,30.6,31.4,31000.0,,8.390757203845045
203,,2016,,,,8.2,4.2,63.3,30.6,31.4,31000.0,,8.390757203845045
203,,2017,,,,8.2,4.2,63.3,30.6,31.4,31000.0,,8.390757203845045
203,,2018,,,,8.2,4.2,63.3,30.6,31.4,31000.0,,8.390757203845045
203,,2019,,,,8.2,4.2,63.3,30.6,31.4,31000.0,,8.390757203845045
204,,2009,,,,6.6,1.7,65.5,29.3,43.1,24000.0,,8.374256430955525
204,,2010,,,,6.6,1.7,65.5,29.3,43.1,24000.0,,8.374256430955525
204,,2011,,,,6.6,1.7,65.5,29.3,43.1,24000.0,,8.374256430955525
204,,2012,,,,6.6,1.7,65.5,29.3,43.1,24000.0,,8.374256430955525
204,,2013,,,,6.6,1.7,65.5,29.3,43.1,24000.0,,8.374256430955525
204,,2014,,,,6.6,1.7,65.5,29.3,43.1,24000.0,,8.374256430955525
204,,2015,,,,6.6,1.7,65.5,29.3,43.1,24000.0,,8.374256430955525
204,,2016,,,,6.6,1.7,65.5,29.3,43.1,24000.0,,8.374256430955525
204,,2017,,,,6.6,1.7,65.5,29.3,43.1,24000.0,,8.374256430955525
204,,2018,,,,6.6,1.7,65.5,29.3,43.1,24000.0,,8.374256430955525
204,,2019,,,,6.6,1.7,65.5,29.3,43.1,24000.0,,8.374256430955525
205,,2009,,,,7.7,1.2,68.4,27.5,43.4,16000.0,,11.451160159164445
205,,2010,,,,7.7,1.2,68.4,27.5,43.4,16000.0,,11.451160159164445
205,,2011,,,,7.7,1.2,68.4,27.5,43.4,16000.0,,11.451160159164445
205,,2012,,,,7.7,1.2,68.4,27.5,43.4,16000.0,,11.451160159164445
205,,2013,,,,7.7,1.2,68.4,27.5,43.4,16000.0,,11.451160159164445
205,,2014,,,,7.7,1.2,68.4,27.5,43.4,16000.0,,11.451160159164445
205,,2015,,,,7.7,1.2,68.4,27.5,43.4,16000.0,,11.451160159164445
205,,2016,,,,7.7,1.2,68.4,27.5,43.4,16000.0,,11.451160159164445
205,,2017,,,,7.7,1.2,68.4,27.5,43.4,16000.0,,11.451160159164445
205,,2018,,,,7.7,1.2,68.4,27.5,43.4,16000.0,,11.451160159164445
205,,2019,,,,7.7,1.2,68.4,27.5,43.4,16000.0,,11.451160159164445
206,,2009,,,,8.2,4.2,63.3,30.6,31.4,31000.0,,10.042501491484826
206,,2010,,,,8.2,4.2,63.3,30.6,31.4,31000.0,,10.042501491484826
206,,2011,,,,8.2,4.2,63.3,30.6,31.4,31000.0,,10.042501491484826
206,,2012,,,,8.2,4.2,63.3,30.6,31.4,31000.0,,10.042501491484826
206,,2013,,,,8.2,4.2,63.3,30.6,31.4,31000.0,,10.042501491484826
206,,2014,,,,8.2,4.2,63.3,30.6,31.4,31000.0,,10.042501491484826
206,,2015,,,,8.2,4.2,63.3,30.6,31.4,31000.0,,10.042501491484826
206,,2016,,,,8.2,4.2,63.3,30.6,31.4,31000.0,,10.042501491484826
206,,2017,,,,8.2,4.2,63.3,30.6,31.4,31000.0,,10.042501491484826
206,,2018,,,,8.2,4.2,63.3,30.6,31.4,31000.0,,10.042501491484826
206,,2019,,,,8.2,4.2,63.3,30.6,31.4,31000.0,,10.042501491484826
207,,2009,,,,8.6,6.3,71.3,14.8,43.8,,,13.352245150545583
207,,2010,,,,8.6,6.3,71.3,14.8,43.8,,,13.352245150545583
207,,2011,,,,8.6,6.3,71.3,14.8,43.8,,,13.352245150545583
207,,2012,,,,8.6,6.3,71.3,14.8,43.8,,,13.352245150545583
207,,2013,,,,8.6,6.3,71.3,14.8,43.8,,,13.352245150545583
207,,2014,,,,8.6,6.3,71.3,14.8,43.8,,,13.352245150545583
207,,2015,,,,8.6,6.3,71.3,14.8,43.8,,,13.352245150545583
207,,2016,,,,8.6,6.3,71.3,14.8,43.8,,,13.352245150545583
207,,2017,,,,8.6,6.3,71.3,14.8,43.8,,,13.352245150545583
207,,2018,,,,8.6,6.3,71.3,14.8,43.8,,,13.352245150545583
207,,2019,,,,8.6,6.3,71.3,14.8,43.8,,,13.352245150545583
208,,2009,,,,5.6,32.7,48.1,12.1,34.2,47000.0,,23.71150222365638
208,,2010,,,,5.6,32.7,48.1,12.1,34.2,47000.0,,23.71150222365638
208,,2011,,,,5.6,32.7,48.1,12.1,34.2,47000.0,,23.71150222365638
208,,2012,,,,5.6,32.7,48.1,12.1,34.2,47000.0,,23.71150222365638
208,,2013,,,,5.6,32.7,48.1,12.1,34.2,47000.0,,23.71150222365638
208,,2014,,,,5.6,32.7,48.1,12.1,34.2,47000.0,,23.71150222365638
208,,2015,,,,5.6,32.7,48.1,12.1,34.2,47000.0,,23.71150222365638
208,,2016,,,,5.6,32.7,48.1,12.1,34.2,47000.0,,23.71150222365638
208,,2017,,,,5.6,32.7,48.1,12.1,34.2,47000.0,,23.71150222365638
208,,2018,,,,5.6,32.7,48.1,12.1,34.2,47000.0,,23.71150222365638
208,,2019,,,,5.6,32.7,48.1,12.1,34.2,47000.0,,23.71150222365638
209,,2009,,,,7.2,2.8,58.1,29.1,32.0,36000.0,,10.249741978024376
209,,2010,,,,7.2,2.8,58.1,29.1,32.0,36000.0,,10.249741978024376
209,,2011,,,,7.2,2.8,58.1,29.1,32.0,36000.0,,10.249741978024376
209,,2012,,,,7.2,2.8,58.1,29.1,32.0,36000.0,,10.249741978024376
209,,2013,,,,7.2,2.8,58.1,29.1,32.0,36000.0,,10.249741978024376
209,,2014,,,,7.2,2.8,58.1,29.1,32.0,36000.0,,10.249741978024376
209,,2015,,,,7.2,2.8,58.1,29.1,32.0,36000.0,,10.249741978024376
209,,2016,,,,7.2,2.8,58.1,29.1,32.0,36000.0,,10.249741978024376
209,,2017,,,,7.2,2.8,58.1,29.1,32.0,36000.0,,10.249741978024376
209,,2018,,,,7.2,2.8,58.1,29.1,32.0,36000.0,,10.249741978024376
209,,2019,,,,7.2,2.8,58.1,29.1,32.0,36000.0,,10.249741978024376
210,,2009,,,,4.9,28.4,38.4,27.9,21.7,42000.0,,24.17792692190648
210,,2010,,,,4.9,28.4,38.4,27.9,21.7,42000.0,,24.17792692190648
210,,2011,,,,4.9,28.4,38.4,27.9,21.7,42000.0,,24.17792692190648
210,,2012,,,,4.9,28.4,38.4,27.9,21.7,42000.0,,24.17792692190648
210,,2013,,,,4.9,28.4,38.4,27.9,21.7,42000.0,,24.17792692190648
210,,2014,,,,4.9,28.4,38.4,27.9,21.7,42000.0,,24.17792692190648
210,,2015,,,,4.9,28.4,38.4,27.9,21.7,42000.0,,24.17792692190648
210,,2016,,,,4.9,28.4,38.4,27.9,21.7,42000.0,,24.17792692190648
210,,2017,,,,4.9,28.4,38.4,27.9,21.7,42000.0,,24.17792692190648
210,,2018,,,,4.9,28.4,38.4,27.9,21.7,42000.0,,24.17792692190648
210,,2019,,,,4.9,28.4,38.4,27.9,21.7,42000.0,,24.17792692190648
211,,2009,,,,6.7,22.0,46.7,21.4,34.3,44000.0,,19.574832622321548
211,,2010,,,,6.7,22.0,46.7,21.4,34.3,44000.0,,19.574832622321548
211,,2011,,,,6.7,22.0,46.7,21.4,34.3,44000.0,,19.574832622321548
211,,2012,,,,6.7,22.0,46.7,21.4,34.3,44000.0,,19.574832622321548
211,,2013,,,,6.7,22.0,46.7,21.4,34.3,44000.0,,19.574832622321548
211,,2014,,,,6.7,22.0,46.7,21.4,34.3,44000.0,,19.574832622321548
211,,2015,,,,6.7,22.0,46.7,21.4,34.3,44000.0,,19.574832622321548
211,,2016,,,,6.7,22.0,46.7,21.4,34.3,44000.0,,19.574832622321548
211,,2017,,,,6.7,22.0,46.7,21.4,34.3,44000.0,,19.574832622321548
211,,2018,,,,6.7,22.0,46.7,21.4,34.3,44000.0,,19.574832622321548
211,,2019,,,,6.7,22.0,46.7,21.4,34.3,44000.0,,19.574832622321548
212,,2009,,,,7.1,6.6,22.9,65.1,40.2,29000.0,,20.54047390538229
212,,2010,,,,7.1,6.6,22.9,65.1,40.2,29000.0,,20.54047390538229
212,,2011,,,,7.1,6.6,22.9,65.1,40.2,29000.0,,20.54047390538229
212,,2012,,,,7.1,6.6,22.9,65.1,40.2,29000.0,,20.54047390538229
212,,2013,,,,7.1,6.6,22.9,65.1,40.2,29000.0,,20.54047390538229
212,,2014,,,,7.1,6.6,22.9,65.1,40.2,29000.0,,20.54047390538229
212,,2015,,,,7.1,6.6,22.9,65.1,40.2,29000.0,,20.54047390538229
212,,2016,,,,7.1,6.6,22.9,65.1,40.2,29000.0,,20.54047390538229
212,,2017,,,,7.1,6.6,22.9,65.1,40.2,29000.0,,20.54047390538229
212,,2018,,,,7.1,6.6,22.9,65.1,40.2,29000.0,,20.54047390538229
212,,2019,,,,7.1,6.6,22.9,65.1,40.2,29000.0,,20.54047390538229
301,,2009,,,,4.1,62.6,23.0,4.5,24.1,93000.0,,18.147004544268743
301,,2010,,,,4.1,62.6,23.0,4.5,24.1,93000.0,,18.147004544268743
301,,2011,,,,4.1,62.6,23.0,4.5,24.1,93000.0,,18.147004544268743
301,,2012,,,,4.1,62.6,23.0,4.5,24.1,93000.0,,18.147004544268743
301,,2013,,,,4.1,62.6,23.0,4.5,24.1,93000.0,,18.147004544268743
301,,2014,,,,4.1,62.6,23.0,4.5,24.1,93000.0,,18.147004544268743
301,,2015,,,,4.1,62.6,23.0,4.5,24.1,93000.0,,18.147004544268743
301,,2016,,,,4.1,62.6,23.0,4.5,24.1,93000.0,,18.147004544268743
301,,2017,,,,4.1,62.6,23.0,4.5,24.1,93000.0,,18.147004544268743
301,,2018,,,,4.1,62.6,23.0,4.5,24.1,93000.0,,18.147004544268743
301,,2019,,,,4.1,62.6,23.0,4.5,24.1,93000.0,,18.147004544268743
302,,2009,,,,5.1,44.9,14.8,26.6,19.6,119000.0,,32.786442442594144
302,,2010,,,,5.1,44.9,14.8,26.6,19.6,119000.0,,32.786442442594144
302,,2011,,,,5.1,44.9,14.8,26.6,19.6,119000.0,,32.786442442594144
302,,2012,,,,5.1,44.9,14.8,26.6,19.6,119000.0,,32.786442442594144
302,,2013,,,,5.1,44.9,14.8,26.6,19.6,119000.0,,32.786442442594144
302,,2014,,,,5.1,44.9,14.8,26.6,19.6,119000.0,,32.786442442594144
302,,2015,,,,5.1,44.9,14.8,26.6,19.6,119000.0,,32.786442442594144
302,,2016,,,,5.1,44.9,14.8,26.6,19.6,119000.0,,32.786442442594144
302,,2017,,,,5.1,44.9,14.8,26.6,19.6,119000.0,,32.786442442594144
302,,2018,,,,5.1,44.9,14.8,26.6,19.6,119000.0,,32.786442442594144
302,,2019,,,,5.1,44.9,14.8,26.6,19.6,119000.0,,32.786442442594144
303,,2009,,,,6.8,24.3,19.3,51.1,19.9,,,11.569884666147042
303,,2010,,,,6.8,24.3,19.3,51.1,19.9,,,11.569884666147042
303,,2011,,,,6.8,24.3,19.3,51.1,19.9,,,11.569884666147042
303,,2012,,,,6.8,24.3,19.3,51.1,19.9,,,11.569884666147042
303,,2013,,,,6.8,24.3,19.3,51.1,19.9,,,11.569884666147042
303,,2014,,,,6.8,24.3,19.3,51.1,19.9,,,11.569884666147042
303,,2015,,,,6.8,24.3,19.3,51.1,19.9,,,11.569884666147042
303,,2016,,,,6.8,24.3,19.3,51.1,19.9,,,11.569884666147042
303,,2017,,,,6.8,24.3,19.3,51.1,19.9,,,11.569884666147042
303,,2018,,,,6.8,24.3,19.3,51.1,19.9,,,11.569884666147042
303,,2019,,,,6.8,24.3,19.3,51.1,19.9,,,11.569884666147042
304,,2009,,,,7.2,17.1,56.9,18.9,32.9,,,12.683127240653642
304,,2010,,,,7.2,17.1,56.9,18.9,32.9,,,12.683127240653642
304,,2011,,,,7.2,17.1,56.9,18.9,32.9,,,12.683127240653642
304,,2012,,,,7.2,17.1,56.9,18.9,32.9,,,12.683127240653642
304,,2013,,,,7.2,17.1,56.9,18.9,32.9,,,12.683127240653642
304,,2014,,,,7.2,17.1,56.9,18.9,32.9,,,12.683127240653642
304,,2015,,,,7.2,17.1,56.9,18.9,32.9,,,12.683127240653642
304,,2016,,,,7.2,17.1,56.9,18.9,32.9,,,12.683127240653642
304,,2017,,,,7.2,17.1,56.9,18.9,32.9,,,12.683127240653642
304,,2018,,,,7.2,17.1,56.9,18.9,32.9,,,12.683127240653642
304,,2019,,,,7.2,17.1,56.9,18.9,32.9,,,12.683127240653642
305,,2009,,,,5.1,3.8,37.1,52.1,35.6,20000.0,,13.591706041548681
305,,2010,,,,5.1,3.8,37.1,52.1,35.6,20000.0,,13.591706041548681
305,,2011,,,,5.1,3.8,37.1,52.1,35.6,20000.0,,13.591706041548681
305,,2012,,,,5.1,3.8,37.1,52.1,35.6,20000.0,,13.591706041548681
305,,2013,,,,5.1,3.8,37.1,52.1,35.6,20000.0,,13.591706041548681
305,,2014,,,,5.1,3.8,37.1,52.1,35.6,20000.0,,13.591706041548681
305,,2015,,,,5.1,3.8,37.1,52.1,35.6,20000.0,,13.591706041548681
305,,2016,,,,5.1,3.8,37.1,52.1,35.6,20000.0,,13.591706041548681
305,,2017,,,,5.1,3.8,37.1,52.1,35.6,20000.0,,13.591706041548681
305,,2018,,,,5.1,3.8,37.1,52.1,35.6,20000.0,,13.591706041548681
305,,2019,,,,5.1,3.8,37.1,52.1,35.6,20000.0,,13.591706041548681
306,,2009,,,,4.0,64.6,17.3,6.7,16.5,37000.0,,43.25525137071383
306,,2010,,,,4.0,64.6,17.3,6.7,16.5,37000.0,,43.25525137071383
306,,2011,,,,4.0,64.6,17.3,6.7,16.5,37000.0,,43.25525137071383
306,,2012,,,,4.0,64.6,17.3,6.7,16.5,37000.0,,43.25525137071383
306,,2013,,,,4.0,64.6,17.3,6.7,16.5,37000.0,,43.25525137071383
306,,2014,,,,4.0,64.6,17.3,6.7,16.5,37000.0,,43.25525137071383
306,,2015,,,,4.0,64.6,17.3,6.7,16.5,37000.0,,43.25525137071383
306,,2016,,,,4.0,64.6,17.3,6.7,16.5,37000.0,,43.25525137071383
306,,2017,,,,4.0,64.6,17.3,6.7,16.5,37000.0,,43.25525137071383
306,,2018,,,,4.0,64.6,17.3,6.7,16.5,37000.0,,43.25525137071383
306,,2019,,,,4.0,64.6,17.3,6.7,16.5,37000.0,,43.25525137071383
307,,2009,,,,4.5,22.6,41.1,2.5,47.2,25000.0,,23.53991796716973
307,,2010,,,,4.5,22.6,41.1,2.5,47.2,25000.0,,23.53991796716973
307,,2011,,,,4.5,22.6,41.1,2.5,47.2,25000.0,,23.53991796716973
307,,2012,,,,4.5,22.6,41.1,2.5,47.2,25000.0,,23.53991796716973
307,,2013,,,,4.5,22.6,41.1,2.5,47.2,25000.0,,23.53991796716973
307,,2014,,,,4.5,22.6,41.1,2.5,47.2,25000.0,,23.53991796716973
307,,2015,,,,4.5,22.6,41.1,2.5,47.2,25000.0,,23.53991796716973
307,,2016,,,,4.5,22.6,41.1,2.5,47.2,25000.0,,23.53991796716973
307,,2017,,,,4.5,22.6,41.1,2.5,47.2,25000.0,,23.53991796716973
307,,2018,,,,4.5,22.6,41.1,2.5,47.2,25000.0,,23.53991796716973
307,,2019,,,,4.5,22.6,41.1,2.5,47.2,25000.0,,23.53991796716973
308,,2009,,,,5.1,21.6,12.6,58.1,29.3,,,15.847529987023025
308,,2010,,,,5.1,21.6,12.6,58.1,29.3,,,15.847529987023025
308,,2011,,,,5.1,21.6,12.6,58.1,29.3,,,15.847529987023025
308,,2012,,,,5.1,21.6,12.6,58.1,29.3,,,15.847529987023025
308,,2013,,,,5.1,21.6,12.6,58.1,29.3,,,15.847529987023025
308,,2014,,,,5.1,21.6,12.6,58.1,29.3,,,15.847529987023025
308,,2015,,,,5.1,21.6,12.6,58.1,29.3,,,15.847529987023025
308,,2016,,,,5.1,21.6,12.6,58.1,29.3,,,15.847529987023025
308,,2017,,,,5.1,21.6,12.6,58.1,29.3,,,15.847529987023025
308,,2018,,,,5.1,21.6,12.6,58.1,29.3,,,15.847529987023025
308,,2019,,,,5.1,21.6,12.6,58.1,29.3,,,15.847529987023025
309,,2009,,,,6.6,21.6,8.9,65.3,41.1,,,12.587990678025761
309,,2010,,,,6.6,21.6,8.9,65.3,41.1,,,12.587990678025761
309,,2011,,,,6.6,21.6,8.9,65.3,41.1,,,12.587990678025761
309,,2012,,,,6.6,21.6,8.9,65.3,41.1,,,12.587990678025761
309,,2013,,,,6.6,21.6,8.9,65.3,41.1,,,12.587990678025761
309,,2014,,,,6.6,21.6,8.9,65.3,41.1,,,12.587990678025761
309,,2015,,,,6.6,21.6,8.9,65.3,41.1,,,12.587990678025761
309,,2016,,,,6.6,21.6,8.9,65.3,41.1,,,12.587990678025761
309,,2017,,,,6.6,21.6,8.9,65.3,41.1,,,12.587990678025761
309,,2018,,,,6.6,21.6,8.9,65.3,41.1,,,12.587990678025761
309,,2019,,,,6.6,21.6,8.9,65.3,41.1,,,12.587990678025761
310,,2009,,,,4.5,55.9,15.9,1.7,39.4,56000.0,,28.587967061217274
310,,2010,,,,4.5,55.9,15.9,1.7,39.4,56000.0,,28.587967061217274
310,,2011,,,,4.5,55.9,15.9,1.7,39.4,56000.0,,28.587967061217274
310,,2012,,,,4.5,55.9,15.9,1.7,39.4,56000.0,,28.587967061217274
310,,2013,,,,4.5,55.9,15.9,1.7,39.4,56000.0,,28.587967061217274
310,,2014,,,,4.5,55.9,15.9,1.7,39.4,56000.0,,28.587967061217274
310,,2015,,,,4.5,55.9,15.9,1.7,39.4,56000.0,,28.587967061217274
310,,2016,,,,4.5,55.9,15.9,1.7,39.4,56000.0,,28.587967061217274
310,,2017,,,,4.5,55.9,15.9,1.7,39.4,56000.0,,28.587967061217274
310,,2018,,,,4.5,55.9,15.9,1.7,39.4,56000.0,,28.587967061217274
310,,2019,,,,4.5,55.9,15.9,1.7,39.4,56000.0,,28.587967061217274
311,,2009,,,,4.4,43.0,14.4,1.0,55.8,35000.0,,23.72528116937522
311,,2010,,,,4.4,43.0,14.4,1.0,55.8,35000.0,,23.72528116937522
311,,2011,,,,4.4,43.0,14.4,1.0,55.8,35000.0,,23.72528116937522
311,,2012,,,,4.4,43.0,14.4,1.0,55.8,35000.0,,23.72528116937522
311,,2013,,,,4.4,43.0,14.4,1.0,55.8,35000.0,,23.72528116937522
311,,2014,,,,4.4,43.0,14.4,1.0,55.8,35000.0,,23.72528116937522
311,,2015,,,,4.4,43.0,14.4,1.0,55.8,35000.0,,23.72528116937522
311,,2016,,,,4.4,43.0,14.4,1.0,55.8,35000.0,,23.72528116937522
311,,2017,,,,4.4,43.0,14.4,1.0,55.8,35000.0,,23.72528116937522
311,,2018,,,,4.4,43.0,14.4,1.0,55.8,35000.0,,23.72528116937522
311,,2019,,,,4.4,43.0,14.4,1.0,55.8,35000.0,,23.72528116937522
312,,2009,,,,3.5,70.6,10.8,2.3,29.1,,,18.020677810734124
312,,2010,,,,3.5,70.6,10.8,2.3,29.1,,,18.020677810734124
312,,2011,,,,3.5,70.6,10.8,2.3,29.1,,,18.020677810734124
312,,2012,,,,3.5,70.6,10.8,2.3,29.1,,,18.020677810734124
312,,2013,,,,3.5,70.6,10.8,2.3,29.1,,,18.020677810734124
312,,2014,,,,3.5,70.6,10.8,2.3,29.1,,,18.020677810734124
312,,2015,,,,3.5,70.6,10.8,2.3,29.1,,,18.020677810734124
312,,2016,,,,3.5,70.6,10.8,2.3,29.1,,,18.020677810734124
312,,2017,,,,3.5,70.6,10.8,2.3,29.1,,,18.020677810734124
312,,2018,,,,3.5,70.6,10.8,2.3,29.1,,,18.020677810734124
312,,2019,,,,3.5,70.6,10.8,2.3,29.1,,,18.020677810734124
313,,2009,,,,5.4,56.6,15.7,11.1,52.5,15000.0,,16.274032221926642
313,,2010,,,,5.4,56.6,15.7,11.1,52.5,15000.0,,16.274032221926642
313,,2011,,,,5.4,56.6,15.7,11.1,52.5,15000.0,,16.274032221926642
313,,2012,,,,5.4,56.6,15.7,11.1,52.5,15000.0,,16.274032221926642
313,,2013,,,,5.4,56.6,15.7,11.1,52.5,15000.0,,16.274032221926642
313,,2014,,,,5.4,56.6,15.7,11.1,52.5,15000.0,,16.274032221926642
313,,2015,,,,5.4,56.6,15.7,11.1,52.5,15000.0,,16.274032221926642
313,,2016,,,,5.4,56.6,15.7,11.1,52.5,15000.0,,16.274032221926642
313,,2017,,,,5.4,56.6,15.7,11.1,52.5,15000.0,,16.274032221926642
313,,2018,,,,5.4,56.6,15.7,11.1,52.5,15000.0,,16.274032221926642
313,,2019,,,,5.4,56.6,15.7,11.1,52.5,15000.0,,16.274032221926642
314,,2009,,,,4.9,40.3,15.7,30.7,41.6,,,16.159929735665337
314,,2010,,,,4.9,40.3,15.7,30.7,41.6,,,16.159929735665337
314,,2011,,,,4.9,40.3,15.7,30.7,41.6,,,16.159929735665337
314,,2012,,,,4.9,40.3,15.7,30.7,41.6,,,16.159929735665337
314,,2013,,,,4.9,40.3,15.7,30.7,41.6,,,16.159929735665337
314,,2014,,,,4.9,40.3,15.7,30.7,41.6,,,16.159929735665337
314,,2015,,,,4.9,40.3,15.7,30.7,41.6,,,16.159929735665337
314,,2016,,,,4.9,40.3,15.7,30.7,41.6,,,16.159929735665337
314,,2017,,,,4.9,40.3,15.7,30.7,41.6,,,16.159929735665337
314,,2018,,,,4.9,40.3,15.7,30.7,41.6,,,16.159929735665337
314,,2019,,,,4.9,40.3,15.7,30.7,41.6,,,16.159929735665337
315,,2009,,,,4.1,66.8,10.0,3.9,49.1,39000.0,,25.04568237870806
315,,2010,,,,4.1,66.8,10.0,3.9,49.1,39000.0,,25.04568237870806
315,,2011,,,,4.1,66.8,10.0,3.9,49.1,39000.0,,25.04568237870806
315,,2012,,,,4.1,66.8,10.0,3.9,49.1,39000.0,,25.04568237870806
315,,2013,,,,4.1,66.8,10.0,3.9,49.1,39000.0,,25.04568237870806
315,,2014,,,,4.1,66.8,10.0,3.9,49.1,39000.0,,25.04568237870806
315,,2015,,,,4.1,66.8,10.0,3.9,49.1,39000.0,,25.04568237870806
315,,2016,,,,4.1,66.8,10.0,3.9,49.1,39000.0,,25.04568237870806
315,,2017,,,,4.1,66.8,10.0,3.9,49.1,39000.0,,25.04568237870806
315,,2018,,,,4.1,66.8,10.0,3.9,49.1,39000.0,,25.04568237870806
315,,2019,,,,4.1,66.8,10.0,3.9,49.1,39000.0,,25.04568237870806
316,,2009,,,,8.3,2.6,21.5,73.1,29.7,,,10.74637181836164
316,,2010,,,,8.3,2.6,21.5,73.1,29.7,,,10.74637181836164
316,,2011,,,,8.3,2.6,21.5,73.1,29.7,,,10.74637181836164
316,,2012,,,,8.3,2.6,21.5,73.1,29.7,,,10.74637181836164
316,,2013,,,,8.3,2.6,21.5,73.1,29.7,,,10.74637181836164
316,,2014,,,,8.3,2.6,21.5,73.1,29.7,,,10.74637181836164
316,,2015,,,,8.3,2.6,21.5,73.1,29.7,,,10.74637181836164
316,,2016,,,,8.3,2.6,21.5,73.1,29.7,,,10.74637181836164
316,,2017,,,,8.3,2.6,21.5,73.1,29.7,,,10.74637181836164
316,,2018,,,,8.3,2.6,21.5,73.1,29.7,,,10.74637181836164
316,,2019,,,,8.3,2.6,21.5,73.1,29.7,,,10.74637181836164
317,,2009,,,,4.9,2.5,7.4,87.1,52.2,,,15.856017581402183
317,,2010,,,,4.9,2.5,7.4,87.1,52.2,,,15.856017581402183
317,,2011,,,,4.9,2.5,7.4,87.1,52.2,,,15.856017581402183
317,,2012,,,,4.9,2.5,7.4,87.1,52.2,,,15.856017581402183
317,,2013,,,,4.9,2.5,7.4,87.1,52.2,,,15.856017581402183
317,,2014,,,,4.9,2.5,7.4,87.1,52.2,,,15.856017581402183
317,,2015,,,,4.9,2.5,7.4,87.1,52.2,,,15.856017581402183
317,,2016,,,,4.9,2.5,7.4,87.1,52.2,,,15.856017581402183
317,,2017,,,,4.9,2.5,7.4,87.1,52.2,,,15.856017581402183
317,,2018,,,,4.9,2.5,7.4,87.1,52.2,,,15.856017581402183
317,,2019,,,,4.9,2.5,7.4,87.1,52.2,,,15.856017581402183
318,,2009,,,,4.9,22.8,8.2,62.5,40.2,36000.0,,21.877450244771367
318,,2010,,,,4.9,22.8,8.2,62.5,40.2,36000.0,,21.877450244771367
318,,2011,,,,4.9,22.8,8.2,62.5,40.2,36000.0,,21.877450244771367
318,,2012,,,,4.9,22.8,8.2,62.5,40.2,36000.0,,21.877450244771367
318,,2013,,,,4.9,22.8,8.2,62.5,40.2,36000.0,,21.877450244771367
318,,2014,,,,4.9,22.8,8.2,62.5,40.2,36000.0,,21.877450244771367
318,,2015,,,,4.9,22.8,8.2,62.5,40.2,36000.0,,21.877450244771367
318,,2016,,,,4.9,22.8,8.2,62.5,40.2,36000.0,,21.877450244771367
318,,2017,,,,4.9,22.8,8.2,62.5,40.2,36000.0,,21.877450244771367
318,,2018,,,,4.9,22.8,8.2,62.5,40.2,36000.0,,21.877450244771367
318,,2019,,,,4.9,22.8,8.2,62.5,40.2,36000.0,,21.877450244771367
401,,2009,,,,5.0,47.3,26.8,6.7,40.1,51000.0,,24.422431878645867
401,,2010,,,,5.0,47.3,26.8,6.7,40.1,51000.0,,24.422431878645867
401,,2011,,,,5.0,47.3,26.8,6.7,40.1,51000.0,,24.422431878645867
401,,2012,,,,5.0,47.3,26.8,6.7,40.1,51000.0,,24.422431878645867
401,,2013,,,,5.0,47.3,26.8,6.7,40.1,51000.0,,24.422431878645867
401,,2014,,,,5.0,47.3,26.8,6.7,40.1,51000.0,,24.422431878645867
401,,2015,,,,5.0,47.3,26.8,6.7,40.1,51000.0,,24.422431878645867
401,,2016,,,,5.0,47.3,26.8,6.7,40.1,51000.0,,24.422431878645867
401,,2017,,,,5.0,47.3,26.8,6.7,40.1,51000.0,,24.422431878645867
401,,2018,,,,5.0,47.3,26.8,6.7,40.1,51000.0,,24.422431878645867
401,,2019,,,,5.0,47.3,26.8,6.7,40.1,51000.0,,24.422431878645867
402,,2009,,,,3.2,28.2,32.4,1.4,54.8,101000.0,,24.137939529000917
402,,2010,,,,3.2,28.2,32.4,1.4,54.8,101000.0,,24.137939529000917
402,,2011,,,,3.2,28.2,32.4,1.4,54.8,101000.0,,24.137939529000917
402,,2012,,,,3.2,28.2,32.4,1.4,54.8,101000.0,,24.137939529000917
402,,2013,,,,3.2,28.2,32.4,1.4,54.8,101000.0,,24.137939529000917
402,,2014,,,,3.2,28.2,32.4,1.4,54.8,101000.0,,24.137939529000917
402,,2015,,,,3.2,28.2,32.4,1.4,54.8,101000.0,,24.137939529000917
402,,2016,,,,3.2,28.2,32.4,1.4,54.8,101000.0,,24.137939529000917
402,,2017,,,,3.2,28.2,32.4,1.4,54.8,101000.0,,24.137939529000917
402,,2018,,,,3.2,28.2,32.4,1.4,54.8,101000.0,,24.137939529000917
402,,2019,,,,3.2,28.2,32.4,1.4,54.8,101000.0,,24.137939529000917
403,,2009,,,,3.7,10.0,66.9,4.8,59.8,,,16.46752589346195
403,,2010,,,,3.7,10.0,66.9,4.8,59.8,,,16.46752589346195
403,,2011,,,,3.7,10.0,66.9,4.8,59.8,,,16.46752589346195
403,,2012,,,,3.7,10.0,66.9,4.8,59.8,,,16.46752589346195
403,,2013,,,,3.7,10.0,66.9,4.8,59.8,,,16.46752589346195
403,,2014,,,,3.7,10.0,66.9,4.8,59.8,,,16.46752589346195
403,,2015,,,,3.7,10.0,66.9,4.8,59.8,,,16.46752589346195
403,,2016,,,,3.7,10.0,66.9,4.8,59.8,,,16.46752589346195
403,,2017,,,,3.7,10.0,66.9,4.8,59.8,,,16.46752589346195
403,,2018,,,,3.7,10.0,66.9,4.8,59.8,,,16.46752589346195
403,,2019,,,,3.7,10.0,66.9,4.8,59.8,,,16.46752589346195
404,,2009,,,,3.6,6.7,49.7,7.6,62.9,,,15.029929070952042
404,,2010,,,,3.6,6.7,49.7,7.6,62.9,,,15.029929070952042
404,,2011,,,,3.6,6.7,49.7,7.6,62.9,,,15.029929070952042
404,,2012,,,,3.6,6.7,49.7,7.6,62.9,,,15.029929070952042
404,,2013,,,,3.6,6.7,49.7,7.6,62.9,,,15.029929070952042
404,,2014,,,,3.6,6.7,49.7,7.6,62.9,,,15.029929070952042
404,,2015,,,,3.6,6.7,49.7,7.6,62.9,,,15.029929070952042
404,,2016,,,,3.6,6.7,49.7,7.6,62.9,,,15.029929070952042
404,,2017,,,,3.6,6.7,49.7,7.6,62.9,,,15.029929070952042
404,,2018,,,,3.6,6.7,49.7,7.6,62.9,,,15.029929070952042
404,,2019,,,,3.6,6.7,49.7,7.6,62.9,,,15.029929070952042
405,,2009,,,,3.8,52.1,36.5,1.3,39.5,,,26.484052049498164
405,,2010,,,,3.8,52.1,36.5,1.3,39.5,,,26.484052049498164
405,,2011,,,,3.8,52.1,36.5,1.3,39.5,,,26.484052049498164
405,,2012,,,,3.8,52.1,36.5,1.3,39.5,,,26.484052049498164
405,,2013,,,,3.8,52.1,36.5,1.3,39.5,,,26.484052049498164
405,,2014,,,,3.8,52.1,36.5,1.3,39.5,,,26.484052049498164
405,,2015,,,,3.8,52.1,36.5,1.3,39.5,,,26.484052049498164
405,,2016,,,,3.8,52.1,36.5,1.3,39.5,,,26.484052049498164
405,,2017,,,,3.8,52.1,36.5,1.3,39.5,,,26.484052049498164
405,,2018,,,,3.8,52.1,36.5,1.3,39.5,,,26.484052049498164
405,,2019,,,,3.8,52.1,36.5,1.3,39.5,,,26.484052049498164
406,,2009,,,,3.1,48.6,15.8,2.8,50.6,,,26.52187372918138
406,,2010,,,,3.1,48.6,15.8,2.8,50.6,,,26.52187372918138
406,,2011,,,,3.1,48.6,15.8,2.8,50.6,,,26.52187372918138
406,,2012,,,,3.1,48.6,15.8,2.8,50.6,,,26.52187372918138
406,,2013,,,,3.1,48.6,15.8,2.8,50.6,,,26.52187372918138
406,,2014,,,,3.1,48.6,15.8,2.8,50.6,,,26.52187372918138
406,,2015,,,,3.1,48.6,15.8,2.8,50.6,,,26.52187372918138
406,,2016,,,,3.1,48.6,15.8,2.8,50.6,,,26.52187372918138
406,,2017,,,,3.1,48.6,15.8,2.8,50.6,,,26.52187372918138
406,,2018,,,,3.1,48.6,15.8,2.8,50.6,,,26.52187372918138
406,,2019,,,,3.1,48.6,15.8,2.8,50.6,,,26.52187372918138
407,,2009,,,,2.8,25.7,17.4,2.1,57.2,54000.0,,23.131803735654803
407,,2010,,,,2.8,25.7,17.4,2.1,57.2,54000.0,,23.131803735654803
407,,2011,,,,2.8,25.7,17.4,2.1,57.2,54000.0,,23.131803735654803
407,,2012,,,,2.8,25.7,17.4,2.1,57.2,54000.0,,23.131803735654803
407,,2013,,,,2.8,25.7,17.4,2.1,57.2,54000.0,,23.131803735654803
407,,2014,,,,2.8,25.7,17.4,2.1,57.2,54000.0,,23.131803735654803
407,,2015,,,,2.8,25.7,17.4,2.1,57.2,54000.0,,23.131803735654803
407,,2016,,,,2.8,25.7,17.4,2.1,57.2,54000.0,,23.131803735654803
407,,2017,,,,2.8,25.7,17.4,2.1,57.2,54000.0,,23.131803735654803
407,,2018,,,,2.8,25.7,17.4,2.1,57.2,54000.0,,23.131803735654803
407,,2019,,,,2.8,25.7,17.4,2.1,57.2,54000.0,,23.131803735654803
408,,2009,,,,5.3,30.6,19.2,11.5,46.9,,,23.75304822731742
408,,2010,,,,5.3,30.6,19.2,11.5,46.9,,,23.75304822731742
408,,2011,,,,5.3,30.6,19.2,11.5,46.9,,,23.75304822731742
408,,2012,,,,5.3,30.6,19.2,11.5,46.9,,,23.75304822731742
408,,2013,,,,5.3,30.6,19.2,11.5,46.9,,,23.75304822731742
408,,2014,,,,5.3,30.6,19.2,11.5,46.9,,,23.75304822731742
408,,2015,,,,5.3,30.6,19.2,11.5,46.9,,,23.75304822731742
408,,2016,,,,5.3,30.6,19.2,11.5,46.9,,,23.75304822731742
408,,2017,,,,5.3,30.6,19.2,11.5,46.9,,,23.75304822731742
408,,2018,,,,5.3,30.6,19.2,11.5,46.9,,,23.75304822731742
408,,2019,,,,5.3,30.6,19.2,11.5,46.9,,,23.75304822731742
409,,2009,,,,4.7,18.0,42.2,5.5,50.8,,,20.729975163577183
409,,2010,,,,4.7,18.0,42.2,5.5,50.8,,,20.729975163577183
409,,2011,,,,4.7,18.0,42.2,5.5,50.8,,,20.729975163577183
409,,2012,,,,4.7,18.0,42.2,5.5,50.8,,,20.729975163577183
409,,2013,,,,4.7,18.0,42.2,5.5,50.8,,,20.729975163577183
409,,2014,,,,4.7,18.0,42.2,5.5,50.8,,,20.729975163577183
409,,2015,,,,4.7,18.0,42.2,5.5,50.8,,,20.729975163577183
409,,2016,,,,4.7,18.0,42.2,5.5,50.8,,,20.729975163577183
409,,2017,,,,4.7,18.0,42.2,5.5,50.8,,,20.729975163577183
409,,2018,,,,4.7,18.0,42.2,5.5,50.8,,,20.729975163577183
409,,2019,,,,4.7,18.0,42.2,5.5,50.8,,,20.729975163577183
410,,2009,,,,5.7,21.7,25.7,14.8,45.0,38000.0,,22.730511687209297
410,,2010,,,,5.7,21.7,25.7,14.8,45.0,38000.0,,22.730511687209297
410,,2011,,,,5.7,21.7,25.7,14.8,45.0,38000.0,,22.730511687209297
410,,2012,,,,5.7,21.7,25.7,14.8,45.0,38000.0,,22.730511687209297
410,,2013,,,,5.7,21.7,25.7,14.8,45.0,38000.0,,22.730511687209297
410,,2014,,,,5.7,21.7,25.7,14.8,45.0,38000.0,,22.730511687209297
410,,2015,,,,5.7,21.7,25.7,14.8,45.0,38000.0,,22.730511687209297
410,,2016,,,,5.7,21.7,25.7,14.8,45.0,38000.0,,22.730511687209297
410,,2017,,,,5.7,21.7,25.7,14.8,45.0,38000.0,,22.730511687209297
410,,2018,,,,5.7,21.7,25.7,14.8,45.0,38000.0,,22.730511687209297
410,,2019,,,,5.7,21.7,25.7,14.8,45.0,38000.0,,22.730511687209297
411,,2009,,,,3.2,40.5,11.5,1.9,42.9,52000.0,,30.059757510090407
411,,2010,,,,3.2,40.5,11.5,1.9,42.9,52000.0,,30.059757510090407
411,,2011,,,,3.2,40.5,11.5,1.9,42.9,52000.0,,30.059757510090407
411,,2012,,,,3.2,40.5,11.5,1.9,42.9,52000.0,,30.059757510090407
411,,2013,,,,3.2,40.5,11.5,1.9,42.9,52000.0,,30.059757510090407
411,,2014,,,,3.2,40.5,11.5,1.9,42.9,52000.0,,30.059757510090407
411,,2015,,,,3.2,40.5,11.5,1.9,42.9,52000.0,,30.059757510090407
411,,2016,,,,3.2,40.5,11.5,1.9,42.9,52000.0,,30.059757510090407
411,,2017,,,,3.2,40.5,11.5,1.9,42.9,52000.0,,30.059757510090407
411,,2018,,,,3.2,40.5,11.5,1.9,42.9,52000.0,,30.059757510090407
411,,2019,,,,3.2,40.5,11.5,1.9,42.9,52000.0,,30.059757510090407
412,,2009,,,,7.1,1.7,16.7,61.2,42.7,26000.0,,16.556715215056133
412,,2010,,,,7.1,1.7,16.7,61.2,42.7,26000.0,,16.556715215056133
412,,2011,,,,7.1,1.7,16.7,61.2,42.7,26000.0,,16.556715215056133
412,,2012,,,,7.1,1.7,16.7,61.2,42.7,26000.0,,16.556715215056133
412,,2013,,,,7.1,1.7,16.7,61.2,42.7,26000.0,,16.556715215056133
412,,2014,,,,7.1,1.7,16.7,61.2,42.7,26000.0,,16.556715215056133
412,,2015,,,,7.1,1.7,16.7,61.2,42.7,26000.0,,16.556715215056133
412,,2016,,,,7.1,1.7,16.7,61.2,42.7,26000.0,,16.556715215056133
412,,2017,,,,7.1,1.7,16.7,61.2,42.7,26000.0,,16.556715215056133
412,,2018,,,,7.1,1.7,16.7,61.2,42.7,26000.0,,16.556715215056133
412,,2019,,,,7.1,1.7,16.7,61.2,42.7,26000.0,,16.556715215056133
413,,2009,,,,5.0,11.4,12.3,55.7,42.0,40000.0,,22.263199707417602
413,,2010,,,,5.0,11.4,12.3,55.7,42.0,40000.0,,22.263199707417602
413,,2011,,,,5.0,11.4,12.3,55.7,42.0,40000.0,,22.263199707417602
413,,2012,,,,5.0,11.4,12.3,55.7,42.0,40000.0,,22.263199707417602
413,,2013,,,,5.0,11.4,12.3,55.7,42.0,40000.0,,22.263199707417602
413,,2014,,,,5.0,11.4,12.3,55.7,42.0,40000.0,,22.263199707417602
413,,2015,,,,5.0,11.4,12.3,55.7,42.0,40000.0,,22.263199707417602
413,,2016,,,,5.0,11.4,12.3,55.7,42.0,40000.0,,22.263199707417602
413,,2017,,,,5.0,11.4,12.3,55.7,42.0,40000.0,,22.263199707417602
413,,2018,,,,5.0,11.4,12.3,55.7,42.0,40000.0,,22.263199707417602
413,,2019,,,,5.0,11.4,12.3,55.7,42.0,40000.0,,22.263199707417602
414,,2009,,,,5.1,35.1,24.4,35.1,26.1,29000.0,,16.20145069537763
414,,2010,,,,5.1,35.1,24.4,35.1,26.1,29000.0,,16.20145069537763
414,,2011,,,,5.1,35.1,24.4,35.1,26.1,29000.0,,16.20145069537763
414,,2012,,,,5.1,35.1,24.4,35.1,26.1,29000.0,,16.20145069537763
414,,2013,,,,5.1,35.1,24.4,35.1,26.1,29000.0,,16.20145069537763
414,,2014,,,,5.1,35.1,24.4,35.1,26.1,29000.0,,16.20145069537763
414,,2015,,,,5.1,35.1,24.4,35.1,26.1,29000.0,,16.20145069537763
414,,2016,,,,5.1,35.1,24.4,35.1,26.1,29000.0,,16.20145069537763
414,,2017,,,,5.1,35.1,24.4,35.1,26.1,29000.0,,16.20145069537763
414,,2018,,,,5.1,35.1,24.4,35.1,26.1,29000.0,,16.20145069537763
414,,2019,,,,5.1,35.1,24.4,35.1,26.1,29000.0,,16.20145069537763
501,,2009,,,,3.3,38.2,29.6,21.5,24.1,27000.0,,23.503813871794055
501,,2010,,,,3.3,38.2,29.6,21.5,24.1,27000.0,,23.503813871794055
501,,2011,,,,3.3,38.2,29.6,21.5,24.1,27000.0,,23.503813871794055
501,,2012,,,,3.3,38.2,29.6,21.5,24.1,27000.0,,23.503813871794055
501,,2013,,,,3.3,38.2,29.6,21.5,24.1,27000.0,,23.503813871794055
501,,2014,,,,3.3,38.2,29.6,21.5,24.1,27000.0,,23.503813871794055
501,,2015,,,,3.3,38.2,29.6,21.5,24.1,27000.0,,23.503813871794055
501,,2016,,,,3.3,38.2,29.6,21.5,24.1,27000.0,,23.503813871794055
501,,2017,,,,3.3,38.2,29.6,21.5,24.1,27000.0,,23.503813871794055
501,,2018,,,,3.3,38.2,29.6,21.5,24.1,27000.0,,23.503813871794055
501,,2019,,,,3.3,38.2,29.6,21.5,24.1,27000.0,,23.503813871794055
502,,2009,,,,3.2,66.5,13.7,4.1,28.0,37000.0,,26.12650103123956
502,,2010,,,,3.2,66.5,13.7,4.1,28.0,37000.0,,26.12650103123956
502,,2011,,,,3.2,66.5,13.7,4.1,28.0,37000.0,,26.12650103123956
502,,2012,,,,3.2,66.5,13.7,4.1,28.0,37000.0,,26.12650103123956
502,,2013,,,,3.2,66.5,13.7,4.1,28.0,37000.0,,26.12650103123956
502,,2014,,,,3.2,66.5,13.7,4.1,28.0,37000.0,,26.12650103123956
502,,2015,,,,3.2,66.5,13.7,4.1,28.0,37000.0,,26.12650103123956
502,,2016,,,,3.2,66.5,13.7,4.1,28.0,37000.0,,26.12650103123956
502,,2017,,,,3.2,66.5,13.7,4.1,28.0,37000.0,,26.12650103123956
502,,2018,,,,3.2,66.5,13.7,4.1,28.0,37000.0,,26.12650103123956
502,,2019,,,,3.2,66.5,13.7,4.1,28.0,37000.0,,26.12650103123956
503,,2009,,,,3.2,83.4,9.9,1.0,15.6,44000.0,,27.377908666892314
503,,2010,,,,3.2,83.4,9.9,1.0,15.6,44000.0,,27.377908666892314
503,,2011,,,,3.2,83.4,9.9,1.0,15.6,44000.0,,27.377908666892314
503,,2012,,,,3.2,83.4,9.9,1.0,15.6,44000.0,,27.377908666892314
503,,2013,,,,3.2,83.4,9.9,1.0,15.6,44000.0,,27.377908666892314
503,,2014,,,,3.2,83.4,9.9,1.0,15.6,44000.0,,27.377908666892314
503,,2015,,,,3.2,83.4,9.9,1.0,15.6,44000.0,,27.377908666892314
503,,2016,,,,3.2,83.4,9.9,1.0,15.6,44000.0,,27.377908666892314
503,,2017,,,,3.2,83.4,9.9,1.0,15.6,44000.0,,27.377908666892314
503,,2018,,,,3.2,83.4,9.9,1.0,15.6,44000.0,,27.377908666892314
503,,2019,,,,3.2,83.4,9.9,1.0,15.6,44000.0,,27.377908666892314
