year,boro_cd,total_recycled,total_refuse,pct_recycled_annum,pct_recycled_2009,pct_change,pct_point_change,fp_100_mhhi,pct_black_nh,pct_foreign_born,pct_hispanic,pct_white_nh,poverty_rate,unemployment_cd
2009-01-01,101,7071.0,13451.800000000001,52.56545592411425,52.56545592411425,0.0,0.0,121000.0,2.3,23.9,6.4,72.0,8.8,2.8
2010-01-01,101,6946.899999999999,13993.499999999998,49.64376317576017,52.56545592411425,-5.558199195631364,-2.9216927483540758,121000.0,2.3,23.9,6.4,72.0,8.8,2.8
2011-01-01,101,6904.799999999999,14657.000000000002,47.109231084123614,52.56545592411425,-10.379867812556354,-5.456224839990632,121000.0,2.3,23.9,6.4,72.0,8.8,2.8
2012-01-01,101,6318.3,15018.9,42.0689930687334,52.56545592411425,-19.968366431623828,-10.496462855380848,121000.0,2.3,23.9,6.4,72.0,8.8,2.8
2013-01-01,101,6373.599999999999,15349.8,41.52236511224901,52.56545592411425,-21.008266013724896,-11.043090811865234,121000.0,2.3,23.9,6.4,72.0,8.8,2.8
2014-01-01,101,6630.100000000001,15640.099999999999,42.3916726875148,52.56545592411425,-19.354503937503665,-10.173783236599448,121000.0,2.3,23.9,6.4,72.0,8.8,2.8
2015-01-01,101,6945.899999999999,15670.000000000002,44.32610082961071,52.56545592411425,-15.674467099454493,-8.239355094503537,121000.0,2.3,23.9,6.4,72.0,8.8,2.8
2016-01-01,101,7196.4,15792.0,45.56990881458967,52.56545592411425,-13.308259172380533,-6.99554710952458,121000.0,2.3,23.9,6.4,72.0,8.8,2.8
2017-01-01,101,7142.9000000000015,16273.0,43.89418054446016,52.56545592411425,-16.496147949657868,-8.671275379654084,121000.0,2.3,23.9,6.4,72.0,8.8,2.8
2018-01-01,101,7531.4,16485.5,45.684995905492706,52.56545592411425,-13.089318636471958,-6.880460018621541,121000.0,2.3,23.9,6.4,72.0,8.8,2.8
2019-01-01,101,6719.5,14126.4,47.566966813908714,52.56545592411425,-9.509075917502873,-4.998489110205533,121000.0,2.3,23.9,6.4,72.0,8.8,2.8
2009-01-01,102,9549.0,26667.999999999996,35.806959652017404,35.806959652017404,0.0,0.0,121000.0,2.3,23.9,6.4,72.0,8.8,2.8
2010-01-01,102,9228.699999999999,25707.300000000003,35.89914148899339,35.806959652017404,0.25744111723486895,0.09218183697598903,121000.0,2.3,23.9,6.4,72.0,8.8,2.8
2011-01-01,102,8992.8,26954.800000000003,33.36251799308471,35.806959652017404,-6.826722186660083,-2.4444416589326963,121000.0,2.3,23.9,6.4,72.0,8.8,2.8
2012-01-01,102,8293.2,26062.0,31.82104213030466,35.806959652017404,-11.131683785635715,-3.985917521712743,121000.0,2.3,23.9,6.4,72.0,8.8,2.8
2013-01-01,102,8211.1,24955.4,32.90309912884586,35.806959652017404,-8.109765675142821,-2.903860523171545,121000.0,2.3,23.9,6.4,72.0,8.8,2.8
2014-01-01,102,8589.900000000001,24575.700000000004,34.95281924828184,35.806959652017404,-2.3854033183390966,-0.8541404037355633,121000.0,2.3,23.9,6.4,72.0,8.8,2.8
2015-01-01,102,8867.9,23980.100000000002,36.980246120741775,35.806959652017404,3.2766995023501444,1.1732864687243705,121000.0,2.3,23.9,6.4,72.0,8.8,2.8
2016-01-01,102,9273.199999999999,23672.100000000002,39.17354184884314,35.806959652017404,9.402033095083118,3.366582196825739,121000.0,2.3,23.9,6.4,72.0,8.8,2.8
2017-01-01,102,9132.0,23441.800000000003,38.95605286283476,35.806959652017404,8.794640040431156,3.1490932108173553,121000.0,2.3,23.9,6.4,72.0,8.8,2.8
2018-01-01,102,9554.3,23578.300000000003,40.52158128448615,35.806959652017404,13.166774499390144,4.714621632468749,121000.0,2.3,23.9,6.4,72.0,8.8,2.8
2019-01-01,102,8215.3,19407.199999999997,42.33119666927738,35.806959652017404,18.220583597893913,6.524237017259978,121000.0,2.3,23.9,6.4,72.0,8.8,2.8
2009-01-01,103,7455.400000000001,35614.2,20.933784838631787,20.933784838631787,0.0,0.0,18000.0,7.4,34.9,25.1,32.7,19.3,4.1
2010-01-01,103,7223.9,35459.6,20.372198219946082,20.933784838631787,-2.682680762292622,-0.5615866186857055,18000.0,7.4,34.9,25.1,32.7,19.3,4.1
2011-01-01,103,7066.8,37622.1,18.78364046664062,20.933784838631787,-10.27116877605062,-2.1501443719911677,18000.0,7.4,34.9,25.1,32.7,19.3,4.1
2012-01-01,103,6636.2,36931.1,17.969137122912667,20.933784838631787,-14.162024395359584,-2.9646477157191207,18000.0,7.4,34.9,25.1,32.7,19.3,4.1
2013-01-01,103,6744.5,36064.8,18.701060313657635,20.933784838631787,-10.66565144423296,-2.2327245249741523,18000.0,7.4,34.9,25.1,32.7,19.3,4.1
2014-01-01,103,6994.399999999999,35677.7,19.60440275017728,20.933784838631787,-6.350414407628902,-1.3293820884545084,18000.0,7.4,34.9,25.1,32.7,19.3,4.1
2015-01-01,103,7553.7,35391.6,21.34320008137524,20.933784838631787,1.955763116414122,0.409415242743453,18000.0,7.4,34.9,25.1,32.7,19.3,4.1
2016-01-01,103,7848.6,34962.9,22.448366697270536,20.933784838631787,7.235107603875335,1.5145818586387492,18000.0,7.4,34.9,25.1,32.7,19.3,4.1
2017-01-01,103,7859.199999999999,35189.4,22.333998306308146,20.933784838631787,6.688773570904227,1.400213467676359,18000.0,7.4,34.9,25.1,32.7,19.3,4.1
2018-01-01,103,7879.3,35827.5,21.99232433186798,20.933784838631787,5.05660825978651,1.058539493236193,18000.0,7.4,34.9,25.1,32.7,19.3,4.1
2019-01-01,103,6726.5,30594.100000000002,21.986265325667365,20.933784838631787,5.027664586927916,1.0524804870355773,18000.0,7.4,34.9,25.1,32.7,19.3,4.1
2009-01-01,104,9478.5,25160.8,37.67169565355633,37.67169565355633,0.0,0.0,105000.0,6.0,29.4,15.1,59.3,11.3,3.7
2010-01-01,104,9473.6,25420.3,37.267852857755415,37.67169565355633,-1.0720058887574657,-0.4038427958009123,105000.0,6.0,29.4,15.1,59.3,11.3,3.7
2011-01-01,104,9358.1,26920.0,34.76263001485884,37.67169565355633,-7.722152104461644,-2.9090656386974842,105000.0,6.0,29.4,15.1,59.3,11.3,3.7
2012-01-01,104,8867.500000000002,26744.4,33.15647387864376,37.67169565355633,-11.98571419889436,-4.515221774912568,105000.0,6.0,29.4,15.1,59.3,11.3,3.7
2013-01-01,104,8833.6,27028.499999999996,32.68253880163532,37.67169565355633,-13.243780948442696,-4.98915685192101,105000.0,6.0,29.4,15.1,59.3,11.3,3.7
2014-01-01,104,9238.800000000001,27474.9,33.626328030311306,37.67169565355633,-10.738480318082322,-4.045367623245021,105000.0,6.0,29.4,15.1,59.3,11.3,3.7
2015-01-01,104,9746.2,27040.6,36.04283928611052,37.67169565355633,-4.323820149815949,-1.628856367445806,105000.0,6.0,29.4,15.1,59.3,11.3,3.7
2016-01-01,104,10320.199999999999,27276.599999999995,37.83536071211221,37.67169565355633,0.4344510001912605,0.16366505855588542,105000.0,6.0,29.4,15.1,59.3,11.3,3.7
2017-01-01,104,10108.300000000001,27927.199999999993,36.195178893695044,37.67169565355633,-3.919432704701986,-1.4765167598612834,105000.0,6.0,29.4,15.1,59.3,11.3,3.7
2018-01-01,104,10717.7,28795.399999999998,37.22018100113213,37.67169565355633,-1.1985514445022605,-0.4515146524241942,105000.0,6.0,29.4,15.1,59.3,11.3,3.7
2019-01-01,104,9332.6,24188.499999999996,38.58279761043472,37.67169565355633,2.4185318475102413,0.9111019568783902,105000.0,6.0,29.4,15.1,59.3,11.3,3.7
2009-01-01,105,5448.900000000001,16287.4,33.45469504033793,33.45469504033793,0.0,0.0,,6.0,29.4,15.1,59.3,11.3,3.7
2010-01-01,105,5293.400000000001,15680.999999999998,33.75677571583446,33.45469504033793,0.9029545034928477,0.3020806754965264,,6.0,29.4,15.1,59.3,11.3,3.7
2011-01-01,105,5015.500000000001,16155.299999999997,31.04553923480221,33.45469504033793,-7.201248741412492,-2.409155805535722,,6.0,29.4,15.1,59.3,11.3,3.7
2012-01-01,105,4615.099999999999,15786.300000000003,29.234842870083543,33.45469504033793,-12.613632152875132,-4.219852170254388,,6.0,29.4,15.1,59.3,11.3,3.7
2013-01-01,105,4536.400000000001,15624.9,29.033145812133203,33.45469504033793,-13.216528271662487,-4.421549228204729,,6.0,29.4,15.1,59.3,11.3,3.7
2014-01-01,105,4852.3,15489.4,31.326584632070965,33.45469504033793,-6.361171147131972,-2.1281104082669664,,6.0,29.4,15.1,59.3,11.3,3.7
2015-01-01,105,5094.599999999999,15326.800000000003,33.23981522561786,33.45469504033793,-0.6423009220708153,-0.21487981472007078,,6.0,29.4,15.1,59.3,11.3,3.7
2016-01-01,105,5283.1,15700.699999999999,33.64881820555772,33.45469504033793,0.5802568667438779,0.19412316521978568,,6.0,29.4,15.1,59.3,11.3,3.7
2017-01-01,105,5175.3,15770.2,32.816958567424635,33.45469504033793,-1.906268977028025,-0.6377364729132964,,6.0,29.4,15.1,59.3,11.3,3.7
2018-01-01,105,5497.3,15847.4,34.688971061499046,33.45469504033793,3.6893955233275655,1.234276021161115,,6.0,29.4,15.1,59.3,11.3,3.7
2019-01-01,105,4853.399999999999,13354.6,36.34253365881418,33.45469504033793,8.632087708449433,2.887838618476252,,6.0,29.4,15.1,59.3,11.3,3.7
2009-01-01,106,14227.8,36366.100000000006,39.123799362593175,39.123799362593175,0.0,0.0,92000.0,3.3,22.3,9.0,68.7,9.8,2.4
2010-01-01,106,13555.999999999998,35018.799999999996,38.71063543011182,39.123799362593175,-1.0560424580757455,-0.4131639324813534,92000.0,3.3,22.3,9.0,68.7,9.8,2.4
2011-01-01,106,11504.900000000001,36564.8,31.46441386251258,39.123799362593175,-19.57730492658605,-7.659385500080596,92000.0,3.3,22.3,9.0,68.7,9.8,2.4
2012-01-01,106,10066.1,35576.7,28.294080114232074,39.123799362593175,-27.680643047964182,-10.829719248361101,92000.0,3.3,22.3,9.0,68.7,9.8,2.4
2013-01-01,106,10044.6,35064.100000000006,28.646393319663126,39.123799362593175,-26.78013437761274,-10.477406042930049,92000.0,3.3,22.3,9.0,68.7,9.8,2.4
2014-01-01,106,10622.1,34678.4,30.63030589646581,39.123799362593175,-21.709275695366426,-8.493493466127365,92000.0,3.3,22.3,9.0,68.7,9.8,2.4
2015-01-01,106,11132.500000000002,33977.399999999994,32.76442576536169,39.123799362593175,-16.25448882991607,-6.359373597231482,92000.0,3.3,22.3,9.0,68.7,9.8,2.4
2016-01-01,106,11507.300000000001,33802.9,34.04234547923403,39.123799362593175,-12.98814012479983,-5.081453883359146,92000.0,3.3,22.3,9.0,68.7,9.8,2.4
2017-01-01,106,11182.8,33931.200000000004,32.957278257179226,39.123799362593175,-15.761559986195639,-6.166521105413949,92000.0,3.3,22.3,9.0,68.7,9.8,2.4
2018-01-01,106,11784.799999999997,34495.7,34.163098589099505,39.123799362593175,-12.679496506764798,-4.96070077349367,92000.0,3.3,22.3,9.0,68.7,9.8,2.4
2019-01-01,106,10240.5,29370.300000000003,34.866855292591495,39.123799362593175,-10.880702128515175,-4.25694407000168,92000.0,3.3,22.3,9.0,68.7,9.8,2.4
2009-01-01,107,22079.3,64016.7,34.489906540012214,34.489906540012214,0.0,0.0,87000.0,5.6,23.0,15.0,67.3,9.2,3.4
2010-01-01,107,21829.8,62359.1,35.0065988765072,34.489906540012214,1.498097235768281,0.5166923364949838,87000.0,5.6,23.0,15.0,67.3,9.2,3.4
2011-01-01,107,21484.8,64649.70000000001,33.232636810379624,34.489906540012214,-3.6453265774264,-1.2572697296325899,87000.0,5.6,23.0,15.0,67.3,9.2,3.4
2012-01-01,107,20754.8,62532.299999999996,33.19052713557634,34.489906540012214,-3.767419325791588,-1.299379404435875,87000.0,5.6,23.0,15.0,67.3,9.2,3.4
2013-01-01,107,20093.699999999997,62534.200000000004,32.13233718509231,34.489906540012214,-6.83553419370636,-2.357569354919903,87000.0,5.6,23.0,15.0,67.3,9.2,3.4
2014-01-01,107,20611.7,61496.899999999994,33.51664880668782,34.489906540012214,-2.821862483724924,-0.9732577333243952,87000.0,5.6,23.0,15.0,67.3,9.2,3.4
2015-01-01,107,21986.3,60041.8,36.61832256861054,34.489906540012214,6.171127272058907,2.1284160285983234,87000.0,5.6,23.0,15.0,67.3,9.2,3.4
2016-01-01,107,23172.200000000004,59292.5,39.081165408778524,34.489906540012214,13.311891301995637,4.59125886876631,87000.0,5.6,23.0,15.0,67.3,9.2,3.4
2017-01-01,107,22547.2,58931.200000000004,38.26020851433536,34.489906540012214,10.931609715871993,3.7703019743231465,87000.0,5.6,23.0,15.0,67.3,9.2,3.4
2018-01-01,107,23285.899999999998,59094.4,39.4045797909785,34.489906540012214,14.249598633341343,4.914673250966288,87000.0,5.6,23.0,15.0,67.3,9.2,3.4
2019-01-01,107,19285.1,48454.9,39.80010277598344,34.489906540012214,15.396377574438457,5.310196235971226,87000.0,5.6,23.0,15.0,67.3,9.2,3.4
2009-01-01,108,23968.4,68522.5,34.97887555182604,34.97887555182604,0.0,0.0,72000.0,2.4,23.2,9.5,75.6,7.2,2.1
2010-01-01,108,22947.699999999997,66827.5,34.33870786727021,34.97887555182604,-1.83015512779231,-0.6401676845558342,72000.0,2.4,23.2,9.5,75.6,7.2,2.1
2011-01-01,108,21984.999999999996,69473.6,31.64511411528983,34.97887555182604,-9.530785035090062,-3.3337614365362143,72000.0,2.4,23.2,9.5,75.6,7.2,2.1
2012-01-01,108,21059.7,67258.4,31.31162798996111,34.97887555182604,-10.484177961728358,-3.667247561864933,72000.0,2.4,23.2,9.5,75.6,7.2,2.1
2013-01-01,108,20847.5,66039.3,31.568323710275546,34.97887555182604,-9.750318693056014,-3.4105518415504967,72000.0,2.4,23.2,9.5,75.6,7.2,2.1
2014-01-01,108,21712.399999999998,64381.9,33.72438526977302,34.97887555182604,-3.586422554362334,-1.2544902820530197,72000.0,2.4,23.2,9.5,75.6,7.2,2.1
2015-01-01,108,22805.999999999996,63034.6,36.1801296430849,34.97887555182604,3.4342272937820217,1.2012540912588605,72000.0,2.4,23.2,9.5,75.6,7.2,2.1
2016-01-01,108,23614.399999999998,62144.99999999999,37.9988736020597,34.97887555182604,8.633776822697214,3.01999805023366,72000.0,2.4,23.2,9.5,75.6,7.2,2.1
2017-01-01,108,23002.1,63133.89999999999,36.43383348723903,34.97887555182604,4.1595331824125115,1.4549579354129847,72000.0,2.4,23.2,9.5,75.6,7.2,2.1
2018-01-01,108,24114.7,62725.99999999999,38.44450467110928,34.97887555182604,9.90777737880233,3.4656291192832356,72000.0,2.4,23.2,9.5,75.6,7.2,2.1
2019-01-01,108,20348.3,52512.69999999999,38.74929302816272,34.97887555182604,10.779127164194513,3.770417476336675,72000.0,2.4,23.2,9.5,75.6,7.2,2.1
2009-01-01,109,5432.799999999999,32083.999999999996,16.93305074180277,16.93305074180277,0.0,0.0,32000.0,21.6,33.7,38.0,28.5,20.7,4.1
2010-01-01,109,5290.1,31547.399999999998,16.768735299897934,16.93305074180277,-0.9703829771158134,-0.1643154419048365,32000.0,21.6,33.7,38.0,28.5,20.7,4.1
2011-01-01,109,5328.099999999999,32158.8,16.568093336816048,16.93305074180277,-2.155296234279558,-0.3649574049867219,32000.0,21.6,33.7,38.0,28.5,20.7,4.1
2012-01-01,109,5162.099999999999,30399.199999999997,16.98103897470986,16.93305074180277,0.283399805733886,0.04798823290709109,32000.0,21.6,33.7,38.0,28.5,20.7,4.1
2013-01-01,109,5469.2,29970.2,18.248793801843163,16.93305074180277,7.770265855237812,1.3157430600403934,32000.0,21.6,33.7,38.0,28.5,20.7,4.1
2014-01-01,109,5716.200000000001,29498.699999999997,19.377803089627683,16.93305074180277,14.437754809235482,2.444752347824913,32000.0,21.6,33.7,38.0,28.5,20.7,4.1
2015-01-01,109,6046.400000000001,28370.8,21.312053237836086,16.93305074180277,25.860682536212053,4.379002496033316,32000.0,21.6,33.7,38.0,28.5,20.7,4.1
2016-01-01,109,6496.400000000001,28369.7,22.899078946904623,16.93305074180277,35.23303801584594,5.966028205101853,32000.0,21.6,33.7,38.0,28.5,20.7,4.1
2017-01-01,109,6459.6,27679.1,23.337464007138962,16.93305074180277,37.82196937215549,6.404413265336192,32000.0,21.6,33.7,38.0,28.5,20.7,4.1
2018-01-01,109,6482.3,27226.899999999998,23.808439447752043,16.93305074180277,40.60336681668319,6.875388705949273,32000.0,21.6,33.7,38.0,28.5,20.7,4.1
2019-01-01,109,5568.299999999999,22673.2,24.55895065539932,16.93305074180277,45.0355935848608,7.625899913596552,32000.0,21.6,33.7,38.0,28.5,20.7,4.1
2009-01-01,110,4049.6000000000004,34642.7,11.689620035389853,11.689620035389853,0.0,0.0,25000.0,56.1,23.3,23.5,14.0,20.2,6.9
2010-01-01,110,4103.099999999999,33873.0,12.113187494464617,11.689620035389853,3.6234493319066807,0.42356745907476423,25000.0,56.1,23.3,23.5,14.0,20.2,6.9
2011-01-01,110,4258.5,35220.1,12.091107066703389,11.689620035389853,3.434560149072863,0.40148703131353614,25000.0,56.1,23.3,23.5,14.0,20.2,6.9
2012-01-01,110,4181.400000000001,33704.8,12.405948114215185,11.689620035389853,6.127898739708204,0.7163280788253328,25000.0,56.1,23.3,23.5,14.0,20.2,6.9
2013-01-01,110,4437.799999999999,33721.5,13.16015005263704,11.689620035389853,12.579793122404471,1.470530017247187,25000.0,56.1,23.3,23.5,14.0,20.2,6.9
2014-01-01,110,4938.7,33452.799999999996,14.763188731585997,11.689620035389853,26.293144575196116,3.073568696196144,25000.0,56.1,23.3,23.5,14.0,20.2,6.9
2015-01-01,110,5537.599999999999,33065.100000000006,16.7475676770976,11.689620035389853,43.268708703918634,5.057947641707747,25000.0,56.1,23.3,23.5,14.0,20.2,6.9
2016-01-01,110,6103.700000000001,33081.200000000004,18.450660798278175,11.689620035389853,57.837985686613806,6.761040762888323,25000.0,56.1,23.3,23.5,14.0,20.2,6.9
2017-01-01,110,6161.3,33275.1,18.516247885055193,11.689620035389853,58.399056846997595,6.826627849665341,25000.0,56.1,23.3,23.5,14.0,20.2,6.9
2018-01-01,110,6226.8,33449.0,18.615803163024307,11.689620035389853,59.25071222730691,6.926183127634454,25000.0,56.1,23.3,23.5,14.0,20.2,6.9
2019-01-01,110,5443.9,27427.9,19.848037946762236,11.689620035389853,69.79198542530128,8.158417911372384,25000.0,56.1,23.3,23.5,14.0,20.2,6.9
2009-01-01,111,3597.2999999999993,26709.400000000005,13.468292061970685,13.468292061970685,0.0,0.0,22000.0,29.9,24.2,46.3,13.8,22.3,6.2
2010-01-01,111,3466.4,25589.6,13.546128114546535,13.468292061970685,0.5779207357377469,0.0778360525758508,22000.0,29.9,24.2,46.3,13.8,22.3,6.2
2011-01-01,111,3578.1000000000004,27116.300000000003,13.19538432603268,13.468292061970685,-2.026298024146589,-0.2729077359380039,22000.0,29.9,24.2,46.3,13.8,22.3,6.2
2012-01-01,111,3525.0,26786.300000000007,13.159712240958996,13.468292061970685,-2.2911577770354463,-0.3085798210116888,22000.0,29.9,24.2,46.3,13.8,22.3,6.2
2013-01-01,111,3720.4,26605.199999999997,13.983732503420384,13.468292061970685,3.827066112600175,0.5154404414496998,22000.0,29.9,24.2,46.3,13.8,22.3,6.2
2014-01-01,111,4260.1,26188.600000000002,16.267001672483445,13.468292061970685,20.779989011489054,2.798709610512761,22000.0,29.9,24.2,46.3,13.8,22.3,6.2
2015-01-01,111,4655.400000000001,26405.5,17.630417905360627,13.468292061970685,30.903145137030386,4.162125843389942,22000.0,29.9,24.2,46.3,13.8,22.3,6.2
2016-01-01,111,4950.5,26733.800000000007,18.51775654789068,13.468292061970685,37.49149827376967,5.049464485919996,22000.0,29.9,24.2,46.3,13.8,22.3,6.2
2017-01-01,111,4885.5,26817.1,18.217853533752717,13.468292061970685,35.2647644551233,4.749561471782032,22000.0,29.9,24.2,46.3,13.8,22.3,6.2
2018-01-01,111,4916.200000000001,27234.6,18.05130238740426,13.468292061970685,34.02814777364567,4.583010325433575,22000.0,29.9,24.2,46.3,13.8,22.3,6.2
2019-01-01,111,4245.4,23559.000000000004,18.020289485971386,13.468292061970685,33.797881743697886,4.551997424000701,22000.0,29.9,24.2,46.3,13.8,22.3,6.2
2009-01-01,112,10130.399999999998,64520.799999999996,15.700983248812783,15.700983248812783,0.0,0.0,22000.0,7.9,46.3,69.2,18.6,19.6,6.8
2010-01-01,112,9721.9,62564.6,15.53897891139718,15.700983248812783,-1.0318101411123548,-0.1620043374156026,22000.0,7.9,46.3,69.2,18.6,19.6,6.8
2011-01-01,112,9597.0,64333.99999999999,14.917461995212486,15.700983248812783,-4.99026870600312,-0.7835212536002967,22000.0,7.9,46.3,69.2,18.6,19.6,6.8
2012-01-01,112,9197.400000000001,61109.799999999996,15.050613813169086,15.700983248812783,-4.1422210656321345,-0.6503694356436966,22000.0,7.9,46.3,69.2,18.6,19.6,6.8
2013-01-01,112,9633.9,59573.5,16.171452071810453,15.700983248812783,2.996429048691862,0.47046882299767034,22000.0,7.9,46.3,69.2,18.6,19.6,6.8
2014-01-01,112,10363.8,59570.59999999999,17.39750816678026,15.700983248812783,10.805214495695715,1.6965249179674764,22000.0,7.9,46.3,69.2,18.6,19.6,6.8
2015-01-01,112,11413.900000000001,57622.9,19.807923585935455,15.700983248812783,26.157217494217868,4.106940337122673,22000.0,7.9,46.3,69.2,18.6,19.6,6.8
2016-01-01,112,11726.199999999999,58010.5,20.21392678911576,15.700983248812783,28.743063213217688,4.512943540302977,22000.0,7.9,46.3,69.2,18.6,19.6,6.8
2017-01-01,112,11380.700000000003,57932.0,19.644928536905343,15.700983248812783,25.119097483215125,3.9439452880925607,22000.0,7.9,46.3,69.2,18.6,19.6,6.8
2018-01-01,112,11413.799999999997,57980.2,19.6856858030845,15.700983248812783,25.378681647679713,3.984702554271717,22000.0,7.9,46.3,69.2,18.6,19.6,6.8
2019-01-01,112,9863.000000000002,48273.3,20.43158433336855,15.700983248812783,30.129330180092182,4.730601084555769,22000.0,7.9,46.3,69.2,18.6,19.6,6.8
2009-01-01,201,1970.1000000000001,23060.7,8.543105803379776,8.543105803379776,0.0,0.0,17000.0,28.7,29.5,67.5,1.9,31.0,5.9
2010-01-01,201,1992.2,23305.600000000002,8.54816009886036,8.543105803379776,0.05916227185882583,0.005054295480583448,17000.0,28.7,29.5,67.5,1.9,31.0,5.9
2011-01-01,201,2036.1000000000001,24847.8,8.19428681814889,8.543105803379776,-4.083046532010492,-0.34881898523088495,17000.0,28.7,29.5,67.5,1.9,31.0,5.9
2012-01-01,201,2006.1,23903.600000000002,8.392459713181278,8.543105803379776,-1.7633644445665175,-0.15064609019849762,17000.0,28.7,29.5,67.5,1.9,31.0,5.9
2013-01-01,201,2216.7999999999997,23572.7,9.404098809215744,8.543105803379776,10.078220095264978,0.8609930058359687,17000.0,28.7,29.5,67.5,1.9,31.0,5.9
2014-01-01,201,2332.2000000000003,22968.7,10.153818021916782,8.543105803379776,18.85394206284774,1.6107122185370066,17000.0,28.7,29.5,67.5,1.9,31.0,5.9
2015-01-01,201,2582.7000000000003,22259.4,11.602738618291598,8.543105803379776,35.81405738532919,3.059632814911822,17000.0,28.7,29.5,67.5,1.9,31.0,5.9
2016-01-01,201,2860.1999999999994,22588.5,12.662195364898066,8.543105803379776,48.21536401771729,4.11908956151829,17000.0,28.7,29.5,67.5,1.9,31.0,5.9
2017-01-01,201,2930.8999999999996,22647.8,12.941212833034555,8.543105803379776,51.4813597171514,4.3981070296547795,17000.0,28.7,29.5,67.5,1.9,31.0,5.9
2018-01-01,201,3049.1,22833.399999999998,13.353683638879888,8.543105803379776,56.309472763371126,4.810577835500112,17000.0,28.7,29.5,67.5,1.9,31.0,5.9
2019-01-01,201,2680.7999999999997,20057.8,13.36537406894076,8.543105803379776,56.446313279337176,4.822268265560984,17000.0,28.7,29.5,67.5,1.9,31.0,5.9
2009-01-01,202,1987.3999999999999,20358.4,9.762063816409933,9.762063816409933,0.0,0.0,17000.0,28.7,29.5,67.5,1.9,31.0,5.9
2010-01-01,202,1962.2,20061.2,9.781069926026358,9.762063816409933,0.194693560438286,0.01900610961642535,17000.0,28.7,29.5,67.5,1.9,31.0,5.9
2011-01-01,202,1941.2,20916.9,9.280533922330747,9.762063816409933,-4.932664886596405,-0.4815298940791859,17000.0,28.7,29.5,67.5,1.9,31.0,5.9
2012-01-01,202,1882.3999999999999,19510.2,9.648286537298437,9.762063816409933,-1.1655043569807177,-0.11377727911149549,17000.0,28.7,29.5,67.5,1.9,31.0,5.9
2013-01-01,202,1968.3,18756.9,10.493738304304015,9.762063816409933,7.4950799508618715,0.7316744878940824,17000.0,28.7,29.5,67.5,1.9,31.0,5.9
2014-01-01,202,2158.1,18313.8,11.784009872336707,9.762063816409933,20.71228066065194,2.021946055926774,17000.0,28.7,29.5,67.5,1.9,31.0,5.9
2015-01-01,202,2485.6,17685.3,14.05461032609003,9.762063816409933,43.971711211971076,4.292546509680097,17000.0,28.7,29.5,67.5,1.9,31.0,5.9
2016-01-01,202,2809.9,17756.800000000003,15.824360245089203,9.762063816409933,62.10056134327466,6.06229642867927,17000.0,28.7,29.5,67.5,1.9,31.0,5.9
2017-01-01,202,2850.2,17906.4,15.917213957020952,9.762063816409933,63.05173021164103,6.155150140611019,17000.0,28.7,29.5,67.5,1.9,31.0,5.9
2018-01-01,202,2976.6000000000004,18017.1,16.520971743510334,9.762063816409933,69.23646530294899,6.758907927100401,17000.0,28.7,29.5,67.5,1.9,31.0,5.9
2019-01-01,202,2679.0,15341.1,17.462893795099436,9.762063816409933,78.88526569294174,7.700829978689503,17000.0,28.7,29.5,67.5,1.9,31.0,5.9
2009-01-01,203,1843.1000000000001,21966.800000000003,8.390389132691151,8.390389132691151,0.0,0.0,31000.0,30.6,31.4,63.3,4.2,30.3,8.2
2010-01-01,203,1935.0000000000002,21525.9,8.989171184480092,8.390389132691151,7.136523018413166,0.5987820517889411,31000.0,30.6,31.4,63.3,4.2,30.3,8.2
2011-01-01,203,2090.1,23282.5,8.97712874476538,8.390389132691151,6.992996424780085,0.5867396120742292,31000.0,30.6,31.4,63.3,4.2,30.3,8.2
2012-01-01,203,2062.7,22737.499999999996,9.071797691039032,8.390389132691151,8.121298637901496,0.681408558347881,31000.0,30.6,31.4,63.3,4.2,30.3,8.2
2013-01-01,203,2275.7,22766.100000000002,9.996002828767333,8.390389132691151,19.136343627023102,1.6056136960761815,31000.0,30.6,31.4,63.3,4.2,30.3,8.2
2014-01-01,203,2598.4000000000005,21993.100000000002,11.814614583664879,8.390389132691151,40.8112829669848,3.4242254509737275,31000.0,30.6,31.4,63.3,4.2,30.3,8.2
2015-01-01,203,2920.1,21425.8,13.62889600388317,8.390389132691151,62.43461165324771,5.238506871192019,31000.0,30.6,31.4,63.3,4.2,30.3,8.2
2016-01-01,203,3410.399999999999,22358.1,15.253532276892937,8.390389132691151,81.79767392982029,6.863143144201786,31000.0,30.6,31.4,63.3,4.2,30.3,8.2
2017-01-01,203,3264.7999999999993,23170.700000000004,14.090208755022502,8.390389132691151,67.93272078553976,5.699819622331351,31000.0,30.6,31.4,63.3,4.2,30.3,8.2
2018-01-01,203,3499.7000000000007,23281.100000000002,15.032365309199308,8.390389132691151,79.16171790685227,6.641976176508157,31000.0,30.6,31.4,63.3,4.2,30.3,8.2
2019-01-01,203,3270.4999999999995,19735.6,16.57157623786457,8.390389132691151,97.50664690028943,8.181187105173418,31000.0,30.6,31.4,63.3,4.2,30.3,8.2
2009-01-01,204,4524.0,53962.99999999999,8.383522042881236,8.383522042881236,0.0,0.0,24000.0,29.3,43.1,65.5,1.7,32.4,6.6
2010-01-01,204,4413.299999999999,53173.200000000004,8.299857823113896,8.383522042881236,-0.9979602765926021,-0.08366421976733918,24000.0,29.3,43.1,65.5,1.7,32.4,6.6
2011-01-01,204,4376.3,56498.299999999996,7.745896779195127,8.383522042881236,-7.605696751612168,-0.6376252636861084,24000.0,29.3,43.1,65.5,1.7,32.4,6.6
2012-01-01,204,4217.9,53420.299999999996,7.895687594416355,8.383522042881236,-5.818967803384245,-0.48783444846488067,24000.0,29.3,43.1,65.5,1.7,32.4,6.6
2013-01-01,204,4552.1,52183.5,8.723255435147125,8.383522042881236,4.052394572688822,0.33973339226588983,24000.0,29.3,43.1,65.5,1.7,32.4,6.6
2014-01-01,204,5015.7,50088.0,10.013775754671778,8.383522042881236,19.445928613915342,1.6302537117905427,24000.0,29.3,43.1,65.5,1.7,32.4,6.6
2015-01-01,204,5467.799999999999,47931.2,11.407600894615614,8.383522042881236,36.071699176866105,3.0240788517343784,24000.0,29.3,43.1,65.5,1.7,32.4,6.6
2016-01-01,204,6159.899999999999,48732.399999999994,12.64025576413228,8.383522042881236,50.77500481871575,4.256733721251045,24000.0,29.3,43.1,65.5,1.7,32.4,6.6
2017-01-01,204,6444.1,49094.59999999999,13.125883498388827,8.383522042881236,56.56765057991957,4.7423614555075915,24000.0,29.3,43.1,65.5,1.7,32.4,6.6
2018-01-01,204,6762.599999999999,48819.200000000004,13.852336785527003,8.383522042881236,65.23290228943269,5.468814742645767,24000.0,29.3,43.1,65.5,1.7,32.4,6.6
2019-01-01,204,6002.499999999999,40858.0,14.69112536100641,8.383522042881236,75.23810739522297,6.3076033181251745,24000.0,29.3,43.1,65.5,1.7,32.4,6.6
2009-01-01,205,5025.000000000001,43873.1,11.453487444470532,11.453487444470532,0.0,0.0,16000.0,27.5,43.4,68.4,1.2,35.6,7.7
2010-01-01,205,4862.4,42959.9,11.318462100703213,11.453487444470532,-1.1789015740573117,-0.13502534376731923,16000.0,27.5,43.4,68.4,1.2,35.6,7.7
2011-01-01,205,4863.8,46072.8,10.55677102325016,11.453487444470532,-7.829199844744972,-0.896716421220372,16000.0,27.5,43.4,68.4,1.2,35.6,7.7
2012-01-01,205,4611.2,43401.3,10.62456654524173,11.453487444470532,-7.237279503274651,-0.8289208992288017,16000.0,27.5,43.4,68.4,1.2,35.6,7.7
2013-01-01,205,4806.2,42271.50000000001,11.369835468341552,11.453487444470532,-0.7303624903292283,-0.08365197612898001,16000.0,27.5,43.4,68.4,1.2,35.6,7.7
2014-01-01,205,5199.0,41398.9,12.558304689255028,11.453487444470532,9.646120887990971,1.1048172447844955,16000.0,27.5,43.4,68.4,1.2,35.6,7.7
2015-01-01,205,5583.599999999999,40499.799999999996,13.786734749307406,11.453487444470532,20.371500961161914,2.333247304836874,16000.0,27.5,43.4,68.4,1.2,35.6,7.7
2016-01-01,205,6194.400000000001,41345.100000000006,14.982186522707647,11.453487444470532,30.808948762070585,3.528699078237114,16000.0,27.5,43.4,68.4,1.2,35.6,7.7
2017-01-01,205,6077.4,41894.6,14.506404166646774,11.453487444470532,26.654909580837895,3.052916722176242,16000.0,27.5,43.4,68.4,1.2,35.6,7.7
2018-01-01,205,6134.9,42073.6,14.581352677213264,11.453487444470532,27.30928241644679,3.1278652327427316,16000.0,27.5,43.4,68.4,1.2,35.6,7.7
2019-01-01,205,5263.999999999999,35199.4,14.954800365915325,11.453487444470532,30.569841180863587,3.501312921444793,16000.0,27.5,43.4,68.4,1.2,35.6,7.7
2009-01-01,206,2820.6000000000004,28063.499999999993,10.05077770057192,10.05077770057192,0.0,0.0,31000.0,30.6,31.4,63.3,4.2,30.3,8.2
2010-01-01,206,2768.9,26998.9,10.255603006048394,10.05077770057192,2.037905041565269,0.20482530547647393,31000.0,30.6,31.4,63.3,4.2,30.3,8.2
2011-01-01,206,2758.7,27900.100000000002,9.887778180006523,10.05077770057192,-1.6217602798649366,-0.16299952056539802,31000.0,30.6,31.4,63.3,4.2,30.3,8.2
2012-01-01,206,2654.7,26765.600000000006,9.918328003108465,10.05077770057192,-1.3178054615208379,-0.13244969746345525,31000.0,30.6,31.4,63.3,4.2,30.3,8.2
2013-01-01,206,2840.5999999999995,26141.699999999993,10.866164021467617,10.05077770057192,8.112668941521783,0.815386320895696,31000.0,30.6,31.4,63.3,4.2,30.3,8.2
2014-01-01,206,3029.2999999999997,25581.900000000005,11.841575488919897,10.05077770057192,17.817504691662567,1.7907977883479766,31000.0,30.6,31.4,63.3,4.2,30.3,8.2
2015-01-01,206,3156.1,25019.800000000003,12.614409387764889,10.05077770057192,25.506799210643074,2.5636316871929683,31000.0,30.6,31.4,63.3,4.2,30.3,8.2
2016-01-01,206,3649.2000000000003,25541.5,14.287336295832272,10.05077770057192,42.15155007377467,4.236558595260352,31000.0,30.6,31.4,63.3,4.2,30.3,8.2
2017-01-01,206,3785.6000000000004,25704.2,14.727554251834333,10.05077770057192,46.531489309491825,4.676776551262412,31000.0,30.6,31.4,63.3,4.2,30.3,8.2
2018-01-01,206,3838.9000000000005,26344.100000000002,14.5721432882505,10.05077770057192,44.98523121669778,4.521365587678579,31000.0,30.6,31.4,63.3,4.2,30.3,8.2
2019-01-01,206,3527.2999999999997,22737.0,15.51348023046136,10.05077770057192,54.35104319916053,5.462702529889439,31000.0,30.6,31.4,63.3,4.2,30.3,8.2
2009-01-01,207,6206.899999999999,46424.1,13.369995325703673,13.369995325703673,0.0,0.0,,14.8,43.8,71.3,6.3,27.4,8.6
2010-01-01,207,5869.500000000001,45118.8,13.008989600787258,13.369995325703673,-2.700118557426756,-0.36100572491641536,,14.8,43.8,71.3,6.3,27.4,8.6
2011-01-01,207,5927.900000000001,48376.8,12.25360089960477,13.369995325703673,-8.349998626795685,-1.1163944260989034,,14.8,43.8,71.3,6.3,27.4,8.6
2012-01-01,207,5664.2,45727.19999999999,12.386938189961338,13.369995325703673,-7.352711140088575,-0.9830571357423352,,14.8,43.8,71.3,6.3,27.4,8.6
2013-01-01,207,5853.7,44461.700000000004,13.165713411767879,13.369995325703673,-1.5279131290574566,-0.20428191393579453,,14.8,43.8,71.3,6.3,27.4,8.6
2014-01-01,207,6568.4,43407.3,15.132016964888392,13.369995325703673,13.178924870656083,1.7620216391847183,,14.8,43.8,71.3,6.3,27.4,8.6
2015-01-01,207,7043.6,42474.3,16.58320443185644,13.369995325703673,24.03298600991586,3.2132091061527674,,14.8,43.8,71.3,6.3,27.4,8.6
2016-01-01,207,7724.200000000001,43894.2,17.59731354028551,13.369995325703673,31.61794833581475,4.227318214581835,,14.8,43.8,71.3,6.3,27.4,8.6
2017-01-01,207,7987.1,44099.8,18.11142000643994,13.369995325703673,35.463173809948366,4.741424680736266,,14.8,43.8,71.3,6.3,27.4,8.6
2018-01-01,207,8411.8,44414.4,18.939353002629776,13.369995325703673,41.65564415882086,5.569357676926103,,14.8,43.8,71.3,6.3,27.4,8.6
2019-01-01,207,7445.1,37811.799999999996,19.689885168122125,13.369995325703673,47.26920008916182,6.319889842418451,,14.8,43.8,71.3,6.3,27.4,8.6
2009-01-01,208,7221.6,30482.0,23.69135883472213,23.69135883472213,0.0,0.0,47000.0,12.1,34.2,48.1,32.7,15.8,5.6
2010-01-01,208,6775.400000000001,30267.9,22.38477066463151,23.69135883472213,-5.515041071327998,-1.3065881700906203,47000.0,12.1,34.2,48.1,32.7,15.8,5.6
2011-01-01,208,6912.699999999999,32121.9,21.52020895401579,23.69135883472213,-9.16431132487132,-2.1711498807063414,47000.0,12.1,34.2,48.1,32.7,15.8,5.6
2012-01-01,208,6646.900000000001,30134.4,22.057515663162366,23.69135883472213,-6.896367502421175,-1.6338431715597643,47000.0,12.1,34.2,48.1,32.7,15.8,5.6
2013-01-01,208,6963.3,28776.0,24.198290241868225,23.69135883472213,2.1397312441324923,0.5069314071460944,47000.0,12.1,34.2,48.1,32.7,15.8,5.6
2014-01-01,208,7366.199999999999,28641.3,25.71880466319615,23.69135883472213,8.55774395473925,2.0274458284740184,47000.0,12.1,34.2,48.1,32.7,15.8,5.6
2015-01-01,208,7726.200000000002,27572.1,28.021804650353083,23.69135883472213,18.278587757846275,4.330445815630952,47000.0,12.1,34.2,48.1,32.7,15.8,5.6
2016-01-01,208,8135.1,28016.1,29.037232162934885,23.69135883472213,22.56465475664411,5.345873328212754,47000.0,12.1,34.2,48.1,32.7,15.8,5.6
2017-01-01,208,8082.400000000001,28474.3,28.38489444867828,23.69135883472213,19.811171012602657,4.693535613956151,47000.0,12.1,34.2,48.1,32.7,15.8,5.6
2018-01-01,208,8253.099999999999,28214.400000000005,29.25137518430304,23.69135883472213,23.468541371430884,5.560016349580909,47000.0,12.1,34.2,48.1,32.7,15.8,5.6
2019-01-01,208,7024.9,23441.6,29.967664323254382,23.69135883472213,26.491960770665802,6.276305488532252,47000.0,12.1,34.2,48.1,32.7,15.8,5.6
2009-01-01,209,5470.7,53392.600000000006,10.246176436435011,10.246176436435011,0.0,0.0,36000.0,29.1,32.0,58.1,2.8,27.6,7.2
2010-01-01,209,5145.700000000001,51999.0,9.895767226292815,10.246176436435011,-3.419902168541178,-0.35040921014219606,36000.0,29.1,32.0,58.1,2.8,27.6,7.2
2011-01-01,209,5185.7,55025.299999999996,9.424210317799266,10.246176436435011,-8.022174161601047,-0.8219661186357445,36000.0,29.1,32.0,58.1,2.8,27.6,7.2
2012-01-01,209,4837.400000000001,51459.8,9.400347455683855,10.246176436435011,-8.255069449550179,-0.8458289807511559,36000.0,29.1,32.0,58.1,2.8,27.6,7.2
2013-01-01,209,4959.8,49423.6,10.035286786069813,10.246176436435011,-2.0582277854915954,-0.21088965036519802,36000.0,29.1,32.0,58.1,2.8,27.6,7.2
2014-01-01,209,5224.499999999999,45360.99999999999,11.517603227442077,10.246176436435011,12.40879267397661,1.271426791007066,36000.0,29.1,32.0,58.1,2.8,27.6,7.2
2015-01-01,209,5573.1,44907.4,12.410204108899647,10.246176436435011,21.12034363149786,2.164027672464636,36000.0,29.1,32.0,58.1,2.8,27.6,7.2
2016-01-01,209,6126.299999999999,45595.799999999996,13.43610595712763,10.246176436435011,31.13287713209145,3.189929520692619,36000.0,29.1,32.0,58.1,2.8,27.6,7.2
2017-01-01,209,6318.4,46478.00000000001,13.59438874306123,10.246176436435011,32.677675691003174,3.3482123066262197,36000.0,29.1,32.0,58.1,2.8,27.6,7.2
2018-01-01,209,6520.099999999999,46128.1,14.13476817818206,10.246176436435011,37.95163752909198,3.8885917417470495,36000.0,29.1,32.0,58.1,2.8,27.6,7.2
2019-01-01,209,5711.000000000001,38731.8,14.744989904935998,10.246176436435011,43.907241851734845,4.4988134685009875,36000.0,29.1,32.0,58.1,2.8,27.6,7.2
2009-01-01,210,7647.300000000001,31759.500000000004,24.078779577764134,24.078779577764134,0.0,0.0,42000.0,27.9,21.7,38.4,28.4,14.0,4.9
2010-01-01,210,7334.500000000001,31363.699999999997,23.38531487037563,24.078779577764134,-2.8799827879519846,-0.6934647073885039,42000.0,27.9,21.7,38.4,28.4,14.0,4.9
2011-01-01,210,7570.999999999999,33169.5,22.82518578814875,24.078779577764134,-5.206218137288943,-1.2535937896153833,42000.0,27.9,21.7,38.4,28.4,14.0,4.9
2012-01-01,210,7006.7,32197.100000000002,21.761897810672387,24.078779577764134,-9.622089689426371,-2.316881767091747,42000.0,27.9,21.7,38.4,28.4,14.0,4.9
2013-01-01,210,7193.000000000001,30272.799999999996,23.76060357812955,24.078779577764134,-1.3213958731048248,-0.3181759996345832,42000.0,27.9,21.7,38.4,28.4,14.0,4.9
2014-01-01,210,7521.9,29650.2,25.36880021045389,24.078779577764134,5.357500069816834,1.2900206326897568,42000.0,27.9,21.7,38.4,28.4,14.0,4.9
2015-01-01,210,7783.8,29192.500000000004,26.663697867602977,24.078779577764134,10.735254590003883,2.5849182898388428,42000.0,27.9,21.7,38.4,28.4,14.0,4.9
2016-01-01,210,8100.8,30057.2,26.951279560305018,24.078779577764134,11.929591253842165,2.8724999825408837,42000.0,27.9,21.7,38.4,28.4,14.0,4.9
2017-01-01,210,8250.800000000001,29882.2,27.611086198472673,24.078779577764134,14.669790922337667,3.532306620708539,42000.0,27.9,21.7,38.4,28.4,14.0,4.9
2018-01-01,210,8581.199999999999,30094.8,28.51389608836078,24.078779577764134,18.419191455584883,4.435116510596647,42000.0,27.9,21.7,38.4,28.4,14.0,4.9
2019-01-01,210,7240.3,25494.999999999996,28.398901745440284,24.078779577764134,17.941615993136217,4.32012216767615,42000.0,27.9,21.7,38.4,28.4,14.0,4.9
2009-01-01,211,7190.5,36828.1,19.524493525324413,19.524493525324413,0.0,0.0,44000.0,21.4,34.3,46.7,22.0,20.6,6.7
2010-01-01,211,6743.6,36335.2,18.55941346132676,19.524493525324413,-4.94291983935915,-0.9650800639976538,44000.0,21.4,34.3,46.7,22.0,20.6,6.7
2011-01-01,211,6900.099999999999,38770.9,17.797110719637665,19.524493525324413,-8.847260511245691,-1.727382805686748,44000.0,21.4,34.3,46.7,22.0,20.6,6.7
2012-01-01,211,6414.8,36777.0,17.442423253663975,19.524493525324413,-10.663888765974239,-2.082070271660438,44000.0,21.4,34.3,46.7,22.0,20.6,6.7
2013-01-01,211,6455.400000000001,35504.9,18.18171576317635,19.524493525324413,-6.877401251952586,-1.3427777621480637,44000.0,21.4,34.3,46.7,22.0,20.6,6.7
2014-01-01,211,6685.099999999999,35738.1,18.705806967913794,19.524493525324413,-4.193125708222512,-0.8186865574106186,44000.0,21.4,34.3,46.7,22.0,20.6,6.7
2015-01-01,211,6827.700000000001,35976.3,18.978327398870924,19.524493525324413,-2.7973382548698633,-0.5461661264534889,44000.0,21.4,34.3,46.7,22.0,20.6,6.7
2016-01-01,211,7081.9,36406.799999999996,19.452135315380644,19.524493525324413,-0.37060223790140734,-0.07235820994376851,44000.0,21.4,34.3,46.7,22.0,20.6,6.7
2017-01-01,211,7169.600000000001,35949.09999999999,19.943753807466678,19.524493525324413,2.147355482478752,0.41926028214226463,44000.0,21.4,34.3,46.7,22.0,20.6,6.7
2018-01-01,211,7506.8,35799.1,20.96924224352009,19.524493525324413,7.399673217242486,1.444748718195676,44000.0,21.4,34.3,46.7,22.0,20.6,6.7
2019-01-01,211,6404.4,30628.799999999996,20.909732016925247,19.524493525324413,7.094875417915958,1.385238491600834,44000.0,21.4,34.3,46.7,22.0,20.6,6.7
2009-01-01,212,9778.199999999999,47713.7,20.493485099667392,20.493485099667392,0.0,0.0,29000.0,65.1,40.2,22.9,6.6,20.9,7.1
2010-01-01,212,9261.5,46914.100000000006,19.741399707124295,20.493485099667392,-3.669875518416843,-0.7520853925430977,29000.0,65.1,40.2,22.9,6.6,20.9,7.1
2011-01-01,212,9282.1,49273.100000000006,18.8380678301142,20.493485099667392,-8.077773309431201,-1.655417269553194,29000.0,65.1,40.2,22.9,6.6,20.9,7.1
2012-01-01,212,8709.0,46864.5,18.583362673238806,20.493485099667392,-9.320632469972557,-1.910122426428586,29000.0,65.1,40.2,22.9,6.6,20.9,7.1
2013-01-01,212,9142.5,45320.700000000004,20.172901124651645,20.493485099667392,-1.5643214097389002,-0.3205839750157473,29000.0,65.1,40.2,22.9,6.6,20.9,7.1
2014-01-01,212,9448.0,45347.0,20.834895362427503,20.493485099667392,1.6659453533633073,0.34141026276011033,29000.0,65.1,40.2,22.9,6.6,20.9,7.1
2015-01-01,212,9790.900000000001,44623.99999999999,21.940883829329515,20.493485099667392,7.062726142590625,1.4473987296621225,29000.0,65.1,40.2,22.9,6.6,20.9,7.1
2016-01-01,212,10389.899999999998,45509.5,22.830178314417864,20.493485099667392,11.402127082759561,2.336693214750472,29000.0,65.1,40.2,22.9,6.6,20.9,7.1
2017-01-01,212,10542.4,44816.00000000001,23.523741520885395,20.493485099667392,14.786437770251105,3.0302564212180023,29000.0,65.1,40.2,22.9,6.6,20.9,7.1
2018-01-01,212,11090.300000000001,44289.2,25.040641962374576,20.493485099667392,22.188304432324113,4.547156862707183,29000.0,65.1,40.2,22.9,6.6,20.9,7.1
2019-01-01,212,9531.7,38239.399999999994,24.926384828213838,20.493485099667392,21.630775375626033,4.432899728546445,29000.0,65.1,40.2,22.9,6.6,20.9,7.1
2009-01-01,301,9679.399999999998,53459.100000000006,18.106178368135634,18.106178368135634,0.0,0.0,93000.0,4.5,24.1,23.0,62.6,15.5,4.1
2010-01-01,301,9552.0,52681.40000000001,18.13163659280125,18.106178368135634,0.14060517988943033,0.025458224665616314,93000.0,4.5,24.1,23.0,62.6,15.5,4.1
2011-01-01,301,9971.699999999999,57030.59999999999,17.4848239366235,18.106178368135634,-3.4317260046749176,-0.6213544315121347,93000.0,4.5,24.1,23.0,62.6,15.5,4.1
2012-01-01,301,9778.699999999999,56309.200000000004,17.366078722482293,18.106178368135634,-4.08755304739411,-0.7400996456533413,93000.0,4.5,24.1,23.0,62.6,15.5,4.1
2013-01-01,301,9986.2,57274.700000000004,17.435621661920532,18.106178368135634,-3.7034690180407615,-0.6705567062151019,93000.0,4.5,24.1,23.0,62.6,15.5,4.1
2014-01-01,301,10514.599999999999,58919.9,17.845583580420193,18.106178368135634,-1.4392589226562058,-0.26059478771544065,93000.0,4.5,24.1,23.0,62.6,15.5,4.1
2015-01-01,301,11088.9,59698.200000000004,18.574931907494697,18.106178368135634,2.588914843476875,0.4687535393590636,93000.0,4.5,24.1,23.0,62.6,15.5,4.1
2016-01-01,301,11895.500000000002,60954.399999999994,19.515408239602067,18.106178368135634,7.783143647510293,1.409229871466433,93000.0,4.5,24.1,23.0,62.6,15.5,4.1
2017-01-01,301,12239.099999999999,61752.1,19.819730826967827,18.106178368135634,9.463910185750791,1.7135524588321935,93000.0,4.5,24.1,23.0,62.6,15.5,4.1
2018-01-01,301,12966.099999999999,62818.00000000001,20.640739915310892,18.106178368135634,13.998324194329914,2.534561547175258,93000.0,4.5,24.1,23.0,62.6,15.5,4.1
2019-01-01,301,11510.6,54375.4,21.168763815990317,18.106178368135634,16.914587858277198,3.0625854478546835,93000.0,4.5,24.1,23.0,62.6,15.5,4.1
2009-01-01,302,8474.800000000001,25913.399999999998,32.704315141972884,32.704315141972884,0.0,0.0,119000.0,26.6,19.6,14.8,44.9,11.0,5.1
2010-01-01,302,8514.4,25959.5,32.79878271923573,32.704315141972884,0.28885355603001095,0.09446757726284716,119000.0,26.6,19.6,14.8,44.9,11.0,5.1
2011-01-01,302,8804.2,27845.300000000003,31.618262327933262,32.704315141972884,-3.320824207218376,-1.086052814039622,119000.0,26.6,19.6,14.8,44.9,11.0,5.1
2012-01-01,302,8272.800000000001,28218.3,29.317145256801442,32.704315141972884,-10.356950972577717,-3.387169885171442,119000.0,26.6,19.6,14.8,44.9,11.0,5.1
2013-01-01,302,8144.4,28181.300000000007,28.900015258345064,32.704315141972884,-11.632409567706748,-3.80429988362782,119000.0,26.6,19.6,14.8,44.9,11.0,5.1
2014-01-01,302,8694.5,28890.4,30.094771965774097,32.704315141972884,-7.9792014138516105,-2.6095431761987875,119000.0,26.6,19.6,14.8,44.9,11.0,5.1
2015-01-01,302,9288.0,28737.6,32.32002672456991,32.704315141972884,-1.1750388770862208,-0.3842884174029777,119000.0,26.6,19.6,14.8,44.9,11.0,5.1
2016-01-01,302,9769.0,28514.499999999996,34.25976257693454,32.704315141972884,4.756092363375575,1.555447434961657,119000.0,26.6,19.6,14.8,44.9,11.0,5.1
2017-01-01,302,10345.4,28736.599999999995,36.000779493746656,32.704315141972884,10.079600619867657,3.2964643517737713,119000.0,26.6,19.6,14.8,44.9,11.0,5.1
2018-01-01,302,10864.3,29347.2,37.01988605386544,32.704315141972884,13.195723234558532,4.315570911892557,119000.0,26.6,19.6,14.8,44.9,11.0,5.1
2019-01-01,302,9376.7,25557.300000000003,36.68893036431861,32.704315141972884,12.183759864862132,3.984615222345724,119000.0,26.6,19.6,14.8,44.9,11.0,5.1
2009-01-01,303,5604.8,48575.80000000001,11.53825567463634,11.53825567463634,0.0,0.0,,51.1,19.9,19.3,24.3,21.2,6.8
2010-01-01,303,5470.8,47469.40000000001,11.524898144910194,11.53825567463634,-0.11576732309293014,-0.01335752972614479,,51.1,19.9,19.3,24.3,21.2,6.8
2011-01-01,303,5412.9,50761.399999999994,10.663417478635342,11.53825567463634,-7.5820663076836325,-0.8748381960009972,,51.1,19.9,19.3,24.3,21.2,6.8
2012-01-01,303,5280.1,49006.3,10.774329014840948,11.53825567463634,-6.620815843721273,-0.7639266597953913,,51.1,19.9,19.3,24.3,21.2,6.8
2013-01-01,303,5581.599999999999,48385.4,11.535711185605575,11.53825567463634,-0.022052631719349236,-0.0025444890307646517,,51.1,19.9,19.3,24.3,21.2,6.8
2014-01-01,303,6017.6,47603.7,12.641034205324377,11.53825567463634,9.55758445457393,1.1027785306880382,,51.1,19.9,19.3,24.3,21.2,6.8
2015-01-01,303,6711.599999999999,46844.4,14.327432948228601,11.53825567463634,24.173300993177826,2.789177273592262,,51.1,19.9,19.3,24.3,21.2,6.8
2016-01-01,303,7566.899999999999,47243.7,16.016738739768474,11.53825567463634,38.81421240280574,4.478483065132135,,51.1,19.9,19.3,24.3,21.2,6.8
2017-01-01,303,8081.799999999999,48421.9,16.690381831361428,11.53825567463634,44.652556694948366,5.152126156725089,,51.1,19.9,19.3,24.3,21.2,6.8
2018-01-01,303,8640.300000000001,49720.2,17.37784642861453,11.53825567463634,50.61068950668959,5.8395907539781895,,51.1,19.9,19.3,24.3,21.2,6.8
2019-01-01,303,7544.3,41473.799999999996,18.190520280273333,11.53825567463634,57.65398855097443,6.652264605636994,,51.1,19.9,19.3,24.3,21.2,6.8
2009-01-01,304,4979.8,39339.1,12.658652587374903,12.658652587374903,0.0,0.0,,18.9,32.9,56.9,17.1,24.8,7.2
2010-01-01,304,4856.0,38703.0,12.546830995013305,12.658652587374903,-0.8833609390080155,-0.11182159236159706,,18.9,32.9,56.9,17.1,24.8,7.2
2011-01-01,304,4994.1,40630.2,12.291595906493201,12.658652587374903,-2.8996504829256864,-0.36705668088170107,,18.9,32.9,56.9,17.1,24.8,7.2
2012-01-01,304,4905.200000000001,38891.6,12.61249215768958,12.658652587374903,-0.36465515872803334,-0.04616042968532241,,18.9,32.9,56.9,17.1,24.8,7.2
2013-01-01,304,5108.5,38067.4,13.419618886501311,12.658652587374903,6.011432053087207,0.7609662991264088,,18.9,32.9,56.9,17.1,24.8,7.2
2014-01-01,304,5370.5,37018.5,14.507611059335195,12.658652587374903,14.60628182342527,1.8489584719602927,,18.9,32.9,56.9,17.1,24.8,7.2
2015-01-01,304,5680.900000000001,35727.0,15.900859294091305,12.658652587374903,25.61257356845399,3.242206706716402,,18.9,32.9,56.9,17.1,24.8,7.2
2016-01-01,304,6282.599999999999,35468.5,17.713182119345333,12.658652587374903,39.92944349394312,5.054529531970431,,18.9,32.9,56.9,17.1,24.8,7.2
2017-01-01,304,6680.8,35874.399999999994,18.622750485025538,12.658652587374903,47.114792482723836,5.964097897650635,,18.9,32.9,56.9,17.1,24.8,7.2
2018-01-01,304,7211.8,35856.200000000004,20.113118512279605,12.658652587374903,58.88830484485694,7.454465924904703,,18.9,32.9,56.9,17.1,24.8,7.2
2019-01-01,304,6508.2,31232.500000000004,20.837909229168332,12.658652587374903,64.61395938736013,8.17925664179343,,18.9,32.9,56.9,17.1,24.8,7.2
2009-01-01,305,7175.5,52988.2,13.541694188517445,13.541694188517445,0.0,0.0,20000.0,52.1,35.6,37.1,3.8,28.7,5.1
2010-01-01,305,6603.0,51352.100000000006,12.858286223932419,13.541694188517445,-5.046694712427602,-0.683407964585026,20000.0,52.1,35.6,37.1,3.8,28.7,5.1
2011-01-01,305,6423.400000000001,54252.200000000004,11.839888520649854,13.541694188517445,-12.567154775291122,-1.7018056678675908,20000.0,52.1,35.6,37.1,3.8,28.7,5.1
2012-01-01,305,6056.900000000001,51620.3,11.733562183869523,13.541694188517445,-13.35233228188767,-1.8081320046479217,20000.0,52.1,35.6,37.1,3.8,28.7,5.1
2013-01-01,305,6315.900000000001,51581.59999999999,12.24448252865363,13.541694188517445,-9.579389711545637,-1.2972116598638141,20000.0,52.1,35.6,37.1,3.8,28.7,5.1
2014-01-01,305,6500.199999999999,52314.5,12.42523583327758,13.541694188517445,-8.244598790205703,-1.1164583552398657,20000.0,52.1,35.6,37.1,3.8,28.7,5.1
2015-01-01,305,6736.099999999999,52543.3,12.820093142227456,13.541694188517445,-5.328735357957381,-0.7216010462899884,20000.0,52.1,35.6,37.1,3.8,28.7,5.1
2016-01-01,305,7250.7,53719.0,13.497458999609076,13.541694188517445,-0.3266591926575746,-0.04423518890836853,20000.0,52.1,35.6,37.1,3.8,28.7,5.1
2017-01-01,305,7449.4,54588.1,13.646563994716798,13.541694188517445,0.7744216103201973,0.10486980619935338,20000.0,52.1,35.6,37.1,3.8,28.7,5.1
2018-01-01,305,7750.200000000001,54844.7,14.131174024108075,13.541694188517445,4.353073015712283,0.5894798355906303,20000.0,52.1,35.6,37.1,3.8,28.7,5.1
2019-01-01,305,6778.999999999999,47307.1,14.32977290935187,13.541694188517445,5.819646418412483,0.7880787208344255,20000.0,52.1,35.6,37.1,3.8,28.7,5.1
2009-01-01,306,11692.8,27116.100000000002,43.12124531182581,43.12124531182581,0.0,0.0,37000.0,6.7,16.5,17.3,64.6,9.6,4.0
2010-01-01,306,11306.800000000001,26798.800000000003,42.19144140782423,43.12124531182581,-2.1562547585948,-0.9298039040015809,37000.0,6.7,16.5,17.3,64.6,9.6,4.0
2011-01-01,306,11476.900000000001,28178.199999999993,40.72971304057748,43.12124531182581,-5.54606494769404,-2.3915322712483302,37000.0,6.7,16.5,17.3,64.6,9.6,4.0
2012-01-01,306,10763.5,27502.4,39.13658444353947,43.12124531182581,-9.240597852570753,-3.9846608682863405,37000.0,6.7,16.5,17.3,64.6,9.6,4.0
2013-01-01,306,10913.5,27316.199999999997,39.952482409705596,43.12124531182581,-7.348495803415944,-3.168762902120214,37000.0,6.7,16.5,17.3,64.6,9.6,4.0
2014-01-01,306,11308.400000000001,26641.299999999996,42.4468775923097,43.12124531182581,-1.563887393880925,-0.6743677195161126,37000.0,6.7,16.5,17.3,64.6,9.6,4.0
2015-01-01,306,11568.199999999999,25675.799999999996,45.05487657638711,43.12124531182581,4.484173058033214,1.9336312645612992,37000.0,6.7,16.5,17.3,64.6,9.6,4.0
2016-01-01,306,11843.199999999999,24085.7,49.171084917606706,43.12124531182581,14.029835089483722,6.049839605780896,37000.0,6.7,16.5,17.3,64.6,9.6,4.0
2017-01-01,306,11960.300000000001,24476.000000000004,48.86541918614152,43.12124531182581,13.320983271186737,5.744173874315713,37000.0,6.7,16.5,17.3,64.6,9.6,4.0
2018-01-01,306,12069.800000000001,25519.2,47.29693720806295,43.12124531182581,9.683606922854748,4.17569189623714,37000.0,6.7,16.5,17.3,64.6,9.6,4.0
2019-01-01,306,9964.9,21726.1,45.86603209964053,43.12124531182581,6.365277180578022,2.744786787814718,37000.0,6.7,16.5,17.3,64.6,9.6,4.0
2009-01-01,307,9359.7,39875.4,23.472366421402672,23.472366421402672,0.0,0.0,25000.0,2.5,47.2,41.1,22.6,27.9,4.5
2010-01-01,307,8882.3,39380.6,22.55501439795229,23.472366421402672,-3.908221297252401,-0.9173520234503805,25000.0,2.5,47.2,41.1,22.6,27.9,4.5
2011-01-01,307,8918.7,41380.0,21.55316578057033,23.472366421402672,-8.176425871923886,-1.9192006408323437,25000.0,2.5,47.2,41.1,22.6,27.9,4.5
2012-01-01,307,8648.2,40129.3,21.55083691965721,23.472366421402672,-8.186347585275266,-1.9215295017454608,25000.0,2.5,47.2,41.1,22.6,27.9,4.5
2013-01-01,307,8847.300000000001,39917.700000000004,22.16385212574873,23.472366421402672,-5.574701213171284,-1.3085142956539428,25000.0,2.5,47.2,41.1,22.6,27.9,4.5
2014-01-01,307,9178.0,39210.299999999996,23.40711496724075,23.472366421402672,-0.27799265310728405,-0.06525145416192046,25000.0,2.5,47.2,41.1,22.6,27.9,4.5
2015-01-01,307,9512.6,39231.2,24.24753767409613,23.472366421402672,3.3024844567296707,0.7751712526934575,25000.0,2.5,47.2,41.1,22.6,27.9,4.5
2016-01-01,307,9738.9,39574.4,24.609090725317376,23.472366421402672,4.842819354073358,1.1367243039147041,25000.0,2.5,47.2,41.1,22.6,27.9,4.5
2017-01-01,307,9886.5,39346.5,25.126758415615114,23.472366421402672,7.048253953227013,1.6543919942124425,25000.0,2.5,47.2,41.1,22.6,27.9,4.5
2018-01-01,307,9957.199999999999,38878.799999999996,25.610872763562657,23.472366421402672,9.11074027972758,2.1385063421599853,25000.0,2.5,47.2,41.1,22.6,27.9,4.5
2019-01-01,307,8289.4,33015.2,25.107829121132085,23.472366421402672,6.967608933704095,1.6354626997294126,25000.0,2.5,47.2,41.1,22.6,27.9,4.5
2009-01-01,308,5187.599999999999,32830.100000000006,15.801353026643227,15.801353026643227,0.0,0.0,,58.1,29.3,12.6,21.6,20.4,5.1
2010-01-01,308,5151.4,32518.899999999998,15.841249242748063,15.801353026643227,0.2524860753225777,0.03989621610483596,,58.1,29.3,12.6,21.6,20.4,5.1
2011-01-01,308,5284.2,34155.0,15.471234079929733,15.801353026643227,-2.089181516018712,-0.33011894671349395,,58.1,29.3,12.6,21.6,20.4,5.1
2012-01-01,308,5086.7,32913.8,15.454611743402461,15.801353026643227,-2.194377169196293,-0.3467412832407657,,58.1,29.3,12.6,21.6,20.4,5.1
2013-01-01,308,5173.1,32337.0,15.997464205090145,15.801353026643227,1.241103708753588,0.19611117844691783,,58.1,29.3,12.6,21.6,20.4,5.1
2014-01-01,308,5428.4,31986.2,16.971068773408533,15.801353026643227,7.402630298766222,1.1697157467653057,,58.1,29.3,12.6,21.6,20.4,5.1
2015-01-01,308,5750.1,31655.300000000003,18.164730708601716,15.801353026643227,14.95680577462901,2.3633776819584895,,58.1,29.3,12.6,21.6,20.4,5.1
2016-01-01,308,6115.4,31073.3,19.6805617684636,15.801353026643227,24.549851745477124,3.8792087418203742,,58.1,29.3,12.6,21.6,20.4,5.1
2017-01-01,308,6440.6,31084.499999999996,20.719651273142567,15.801353026643227,31.12580446880986,4.91829824649934,,58.1,29.3,12.6,21.6,20.4,5.1
2018-01-01,308,6798.499999999999,32352.2,21.01402686679731,15.801353026643227,32.98878160221348,5.212673840154082,,58.1,29.3,12.6,21.6,20.4,5.1
2019-01-01,308,5822.099999999999,27300.9,21.32567058228849,15.801353026643227,34.96104128760693,5.524317555645265,,58.1,29.3,12.6,21.6,20.4,5.1
2009-01-01,309,4777.1,38043.8,12.556842376418759,12.556842376418759,0.0,0.0,,65.3,41.1,8.9,21.6,20.8,6.6
2010-01-01,309,4605.899999999999,37455.3,12.297058093247145,12.556842376418759,-2.068866323109053,-0.25978428317161395,,65.3,41.1,8.9,21.6,20.8,6.6
2011-01-01,309,4615.8,38737.4,11.915616432698116,12.556842376418759,-5.106585911477557,-0.6412259437206433,,65.3,41.1,8.9,21.6,20.8,6.6
2012-01-01,309,4508.4,37559.8,12.00325880329501,12.556842376418759,-4.408620866049551,-0.5535835731237491,,65.3,41.1,8.9,21.6,20.8,6.6
2013-01-01,309,4640.099999999999,37083.4,12.512606718909266,12.556842376418759,-0.3522832905234585,-0.044235657509492654,,65.3,41.1,8.9,21.6,20.8,6.6
2014-01-01,309,4891.2,36633.7,13.351640702413354,12.556842376418759,6.32960343188822,0.794798325994595,,65.3,41.1,8.9,21.6,20.8,6.6
2015-01-01,309,5053.5,35952.2,14.05616346148497,12.556842376418759,11.940271607469377,1.499321085066212,,65.3,41.1,8.9,21.6,20.8,6.6
2016-01-01,309,5403.7,35520.299999999996,15.212990881270711,12.556842376418759,21.152997108891736,2.656148504851952,,65.3,41.1,8.9,21.6,20.8,6.6
2017-01-01,309,5659.700000000001,36292.4,15.594725066405088,12.556842376418759,24.19304630032906,3.037882689986329,,65.3,41.1,8.9,21.6,20.8,6.6
2018-01-01,309,5940.2,36126.3,16.442868491929698,12.556842376418759,30.94747866556593,3.886026115510939,,65.3,41.1,8.9,21.6,20.8,6.6
2019-01-01,309,5162.999999999999,30588.299999999996,16.879002755955707,12.556842376418759,34.42075841975838,4.322160379536948,,65.3,41.1,8.9,21.6,20.8,6.6
2009-01-01,310,11419.0,40037.50000000001,28.520761785825783,28.520761785825783,0.0,0.0,56000.0,1.7,39.4,15.9,55.9,19.0,4.5
2010-01-01,310,10813.5,39181.4,27.59855441612602,28.520761785825783,-3.2334598094714284,-0.9222073696997626,56000.0,1.7,39.4,15.9,55.9,19.0,4.5
2011-01-01,310,10754.000000000002,41061.2,26.190174666108156,28.520761785825783,-8.171545827628911,-2.3305871197176273,56000.0,1.7,39.4,15.9,55.9,19.0,4.5
2012-01-01,310,10349.399999999998,40043.9,25.84513496437659,28.520761785825783,-9.381330139571942,-2.6756268214491925,56000.0,1.7,39.4,15.9,55.9,19.0,4.5
2013-01-01,310,10561.0,39678.6,26.616362472466264,28.520761785825783,-6.677238594328028,-1.9043993133595194,56000.0,1.7,39.4,15.9,55.9,19.0,4.5
2014-01-01,310,10791.9,38949.399999999994,27.707487149994613,28.520761785825783,-2.8515179290735215,-0.8132746358311707,56000.0,1.7,39.4,15.9,55.9,19.0,4.5
2015-01-01,310,11104.9,38544.600000000006,28.810520799281864,28.520761785825783,1.0159581838381504,0.2897590134560808,56000.0,1.7,39.4,15.9,55.9,19.0,4.5
2016-01-01,310,11447.0,37989.5,30.1320101607023,28.520761785825783,5.649387582898546,1.6112483748765172,56000.0,1.7,39.4,15.9,55.9,19.0,4.5
2017-01-01,310,11509.1,36873.5,31.21238830054104,28.520761785825783,9.437428547413273,2.6916265147152565,56000.0,1.7,39.4,15.9,55.9,19.0,4.5
2018-01-01,310,11512.8,37847.700000000004,30.41875728247687,28.520761785825783,6.654785418790432,1.8979954966510881,56000.0,1.7,39.4,15.9,55.9,19.0,4.5
2019-01-01,310,9490.9,32910.8,28.838253703951285,28.520761785825783,1.1131957852657637,0.31749191812550137,56000.0,1.7,39.4,15.9,55.9,19.0,4.5
2009-01-01,311,13674.699999999999,57768.0,23.67175598947514,23.67175598947514,0.0,0.0,35000.0,1.0,55.8,14.4,43.0,22.5,4.4
2010-01-01,311,13004.9,56422.799999999996,23.04901564615723,23.67175598947514,-2.630731508024975,-0.6227403433179113,35000.0,1.0,55.8,14.4,43.0,22.5,4.4
2011-01-01,311,12897.1,58205.299999999996,22.15794781574874,23.67175598947514,-6.394997373238653,-1.5138081737263995,35000.0,1.0,55.8,14.4,43.0,22.5,4.4
2012-01-01,311,12235.900000000001,57358.80000000001,21.332210576232416,23.67175598947514,-9.883277836603776,-2.3395454132427247,35000.0,1.0,55.8,14.4,43.0,22.5,4.4
2013-01-01,311,12623.5,57134.1,22.09451098380827,23.67175598947514,-6.662982697051034,-1.577245005666871,35000.0,1.0,55.8,14.4,43.0,22.5,4.4
2014-01-01,311,12878.8,57705.200000000004,22.318265944836856,23.67175598947514,-5.717742465916209,-1.353490044638285,35000.0,1.0,55.8,14.4,43.0,22.5,4.4
2015-01-01,311,13079.599999999999,58371.80000000001,22.407395351865105,23.67175598947514,-5.341220305634242,-1.2643606376100358,35000.0,1.0,55.8,14.4,43.0,22.5,4.4
2016-01-01,311,13402.1,58828.6,22.78160622554336,23.67175598947514,-3.760387545087729,-0.890149763931781,35000.0,1.0,55.8,14.4,43.0,22.5,4.4
2017-01-01,311,13466.3,58485.80000000001,23.02490519066166,23.67175598947514,-2.7325847693812078,-0.6468507988134817,35000.0,1.0,55.8,14.4,43.0,22.5,4.4
2018-01-01,311,13568.8,59460.1,22.82000871172433,23.67175598947514,-3.59815840501867,-0.8517472777508104,35000.0,1.0,55.8,14.4,43.0,22.5,4.4
2019-01-01,311,11259.8,50463.4,22.312804923964695,23.67175598947514,-5.7408122410296025,-1.3589510655104462,35000.0,1.0,55.8,14.4,43.0,22.5,4.4
2009-01-01,312,12301.000000000002,68338.29999999999,18.000155110677326,18.000155110677326,0.0,0.0,,2.3,29.1,10.8,70.6,27.2,3.5
2010-01-01,312,11829.1,67045.7,17.643338797268132,18.000155110677326,-1.9822957703155453,-0.35681631340919395,,2.3,29.1,10.8,70.6,27.2,3.5
2011-01-01,312,12028.400000000001,70431.59999999999,17.078129703144615,18.000155110677326,-5.122319234825845,-0.9220254075327112,,2.3,29.1,10.8,70.6,27.2,3.5
2012-01-01,312,11734.2,69534.1,16.875461104695393,18.000155110677326,-6.248246190471917,-1.124694005981933,,2.3,29.1,10.8,70.6,27.2,3.5
2013-01-01,312,11936.699999999999,69885.7,17.08031829115255,18.000155110677326,-5.110160517334361,-0.9198368195247753,,2.3,29.1,10.8,70.6,27.2,3.5
2014-01-01,312,12487.800000000003,71385.1,17.493566584623405,18.000155110677326,-2.814356448258737,-0.5065885260539211,,2.3,29.1,10.8,70.6,27.2,3.5
2015-01-01,312,12796.399999999998,72577.70000000001,17.631310994975035,18.000155110677326,-2.049116318356059,-0.3688441157022915,,2.3,29.1,10.8,70.6,27.2,3.5
2016-01-01,312,13011.699999999999,73205.5,17.774210954094976,18.000155110677326,-1.255234497664548,-0.22594415658235079,,2.3,29.1,10.8,70.6,27.2,3.5
2017-01-01,312,12974.5,72764.79999999999,17.83073683979067,18.000155110677326,-0.9412045054331797,-0.16941827088665562,,2.3,29.1,10.8,70.6,27.2,3.5
2018-01-01,312,13087.100000000002,72791.60000000002,17.97886019815473,18.000155110677326,-0.11830405011323819,-0.02129491252259541,,2.3,29.1,10.8,70.6,27.2,3.5
2019-01-01,312,10866.599999999999,61213.799999999996,17.751879478156884,18.000155110677326,-1.379297183795769,-0.2482756325204427,,2.3,29.1,10.8,70.6,27.2,3.5
2009-01-01,313,4152.900000000001,25583.5,16.232728125549674,16.232728125549674,0.0,0.0,15000.0,11.1,52.5,15.7,56.6,24.4,5.4
2010-01-01,313,4037.7,25088.399999999998,16.093891997895444,16.232728125549674,-0.8552852396739641,-0.1388361276542298,15000.0,11.1,52.5,15.7,56.6,24.4,5.4
2011-01-01,313,4015.7000000000003,26356.100000000002,15.236321003486857,16.232728125549674,-6.13826039810591,-0.9964071220628163,15000.0,11.1,52.5,15.7,56.6,24.4,5.4
2012-01-01,313,3610.9999999999995,27661.9,13.054056301266359,16.232728125549674,-19.58187064859548,-3.178671824283315,15000.0,11.1,52.5,15.7,56.6,24.4,5.4
2013-01-01,313,3777.0,26774.9,14.10649526235392,16.232728125549674,-13.09843204882577,-2.126232863195753,15000.0,11.1,52.5,15.7,56.6,24.4,5.4
2014-01-01,313,3824.4,25515.2,14.988712610522356,16.232728125549674,-7.663625642009531,-1.2440155150273178,15000.0,11.1,52.5,15.7,56.6,24.4,5.4
2015-01-01,313,4065.1000000000004,25021.6,16.2463631422451,16.232728125549674,0.08399707424389113,0.013635016695427993,15000.0,11.1,52.5,15.7,56.6,24.4,5.4
2016-01-01,313,4483.8,24407.399999999998,18.37065807910716,16.232728125549674,13.170490733424334,2.137929953557485,15000.0,11.1,52.5,15.7,56.6,24.4,5.4
2017-01-01,313,4747.400000000001,24193.1,19.622950345346403,16.232728125549674,20.885104423455815,3.3902222197967298,15000.0,11.1,52.5,15.7,56.6,24.4,5.4
2018-01-01,313,4862.2,24899.9,19.526986052152818,16.232728125549674,20.293926573057753,3.2942579266031444,15000.0,11.1,52.5,15.7,56.6,24.4,5.4
2019-01-01,313,4151.700000000001,20746.900000000005,20.01118239351421,16.232728125549674,23.276766780917125,3.7784542679645376,15000.0,11.1,52.5,15.7,56.6,24.4,5.4
2009-01-01,314,9426.400000000001,58484.3,16.117829913327167,16.117829913327167,0.0,0.0,,30.7,41.6,15.7,40.3,21.5,4.9
2010-01-01,314,9128.900000000001,56939.8,16.0325466545369,16.117829913327167,-0.5291237049210307,-0.0852832587902661,,30.7,41.6,15.7,40.3,21.5,4.9
2011-01-01,314,9185.399999999998,59634.50000000001,15.40282889937871,16.117829913327167,-4.436087350427076,-0.7150010139484575,,30.7,41.6,15.7,40.3,21.5,4.9
2012-01-01,314,8905.5,58193.3,15.303308112789615,16.117829913327167,-5.0535450796887815,-0.8145218005375519,,30.7,41.6,15.7,40.3,21.5,4.9
2013-01-01,314,8760.199999999999,57476.6,15.241332994644777,16.117829913327167,-5.438057873769042,-0.8764969186823901,,30.7,41.6,15.7,40.3,21.5,4.9
2014-01-01,314,9089.7,57875.4,15.70563659171254,16.117829913327167,-2.557374806851642,-0.41219332161462674,,30.7,41.6,15.7,40.3,21.5,4.9
2015-01-01,314,9274.900000000001,57363.5,16.168643824034447,16.117829913327167,0.31526521237987826,0.05081391070728003,,30.7,41.6,15.7,40.3,21.5,4.9
2016-01-01,314,9729.4,56993.1,17.07118931940884,16.117829913327167,5.914936509494861,0.9533594060816739,,30.7,41.6,15.7,40.3,21.5,4.9
2017-01-01,314,9882.9,57408.2,17.215136513599102,16.117829913327167,6.8080294070147485,1.097306600271935,,30.7,41.6,15.7,40.3,21.5,4.9
2018-01-01,314,10331.699999999999,57469.00000000001,17.977866327933317,16.117829913327167,11.540240991550377,1.8600364146061494,,30.7,41.6,15.7,40.3,21.5,4.9
2019-01-01,314,8753.7,48020.299999999996,18.229165582055927,16.117829913327167,13.099379259381472,2.11133566872876,,30.7,41.6,15.7,40.3,21.5,4.9
2009-01-01,315,13215.099999999999,52977.59999999999,24.944693606354384,24.944693606354384,0.0,0.0,39000.0,3.9,49.1,10.0,66.8,18.6,4.1
2010-01-01,315,12429.5,51905.999999999985,23.946171926174245,24.944693606354384,-4.002942252719343,-0.99852168018014,39000.0,3.9,49.1,10.0,66.8,18.6,4.1
2011-01-01,315,12611.100000000002,54034.700000000004,23.33889149009803,24.944693606354384,-6.4374497502238,-1.6058021162563527,39000.0,3.9,49.1,10.0,66.8,18.6,4.1
2012-01-01,315,11822.6,56589.4,20.89189848275472,24.944693606354384,-16.24712328624177,-4.052795123599665,39000.0,3.9,49.1,10.0,66.8,18.6,4.1
2013-01-01,315,11776.900000000001,54856.6,21.468519740559934,24.944693606354384,-13.935524407118526,-3.4761738657944505,39000.0,3.9,49.1,10.0,66.8,18.6,4.1
2014-01-01,315,11968.0,52879.9,22.63241798868757,24.944693606354384,-9.269609216918928,-2.3122756176668133,39000.0,3.9,49.1,10.0,66.8,18.6,4.1
2015-01-01,315,12142.1,52783.40000000001,23.003633718176545,24.944693606354384,-7.781454119297648,-1.9410598881778398,39000.0,3.9,49.1,10.0,66.8,18.6,4.1
2016-01-01,315,12485.1,53371.3,23.39290967242694,24.944693606354384,-6.220897952950388,-1.551783933927446,39000.0,3.9,49.1,10.0,66.8,18.6,4.1
2017-01-01,315,12644.7,52725.5,23.982133882087417,24.944693606354384,-3.8587754953292586,-0.962559724266967,39000.0,3.9,49.1,10.0,66.8,18.6,4.1
2018-01-01,315,12988.7,52853.09999999999,24.57509587895507,24.944693606354384,-1.4816687397802397,-0.36959772739931296,39000.0,3.9,49.1,10.0,66.8,18.6,4.1
2019-01-01,315,10775.1,45502.5,23.68023734959618,24.944693606354384,-5.06903903776994,-1.264456256758205,39000.0,3.9,49.1,10.0,66.8,18.6,4.1
2009-01-01,316,2562.7999999999997,23918.499999999996,10.71471873236198,10.71471873236198,0.0,0.0,,73.1,29.7,21.5,2.6,29.4,8.3
2010-01-01,316,2450.4999999999995,22994.9,10.656710835880997,10.71471873236198,-0.5413851537304559,-0.05800789648098359,,73.1,29.7,21.5,2.6,29.4,8.3
2011-01-01,316,2485.2000000000003,24036.899999999994,10.339103628171689,10.71471873236198,-3.5055992935755786,-0.37561510419029176,,73.1,29.7,21.5,2.6,29.4,8.3
2012-01-01,316,2360.7999999999997,23211.300000000003,10.170908135261703,10.71471873236198,-5.075360452139455,-0.5438105971002773,,73.1,29.7,21.5,2.6,29.4,8.3
2013-01-01,316,2398.0,22698.699999999997,10.564481666350938,10.71471873236198,-1.4021559479417522,-0.15023706601104259,,73.1,29.7,21.5,2.6,29.4,8.3
2014-01-01,316,2543.4,23223.8,10.951696104857948,10.71471873236198,2.211699424084901,0.23697737249596784,,73.1,29.7,21.5,2.6,29.4,8.3
2015-01-01,316,2616.5,23215.100000000002,11.270681582246036,10.71471873236198,5.188776894393543,0.5559628498840556,,73.1,29.7,21.5,2.6,29.4,8.3
2016-01-01,316,2881.5,23921.100000000002,12.045850734288974,10.71471873236198,12.423396592824565,1.3311320019269939,,73.1,29.7,21.5,2.6,29.4,8.3
2017-01-01,316,3047.4999999999995,24799.7,12.28845510227946,10.71471873236198,14.687612519069472,1.57373636991748,,73.1,29.7,21.5,2.6,29.4,8.3
2018-01-01,316,3175.5,25749.100000000006,12.332469872733414,10.71471873236198,15.098400441304104,1.6177511403714337,,73.1,29.7,21.5,2.6,29.4,8.3
2019-01-01,316,2755.5,21700.4,12.697922618937898,10.71471873236198,18.509154893501666,1.983203886575918,,73.1,29.7,21.5,2.6,29.4,8.3
2009-01-01,317,8410.3,53240.8,15.796719808868383,15.796719808868383,0.0,0.0,,87.1,52.2,7.4,2.5,19.5,4.9
2010-01-01,317,7916.3,51692.7,15.314154609838528,15.796719808868383,-3.054844327611228,-0.48256519902985495,,87.1,52.2,7.4,2.5,19.5,4.9
2011-01-01,317,7965.4,53747.799999999996,14.819955421431203,15.796719808868383,-6.183336789254302,-0.9767643874371803,,87.1,52.2,7.4,2.5,19.5,4.9
2012-01-01,317,7680.0999999999985,51370.60000000001,14.9503801785457,15.796719808868383,-5.357692233342915,-0.8463396303226833,,87.1,52.2,7.4,2.5,19.5,4.9
2013-01-01,317,7784.400000000001,51345.200000000004,15.160910854373924,15.796719808868383,-4.024942913385798,-0.6358089544944594,,87.1,52.2,7.4,2.5,19.5,4.9
2014-01-01,317,7939.7,51300.8,15.4767566977513,15.796719808868383,-2.0255034905250047,-0.3199631111170831,,87.1,52.2,7.4,2.5,19.5,4.9
2015-01-01,317,8162.5,51405.30000000001,15.878712895362925,15.796719808868383,0.5190513441183597,0.08199308649454196,,87.1,52.2,7.4,2.5,19.5,4.9
2016-01-01,317,8474.7,51703.100000000006,16.391086801371678,15.796719808868383,3.7625975499648634,0.5943669925032946,,87.1,52.2,7.4,2.5,19.5,4.9
2017-01-01,317,8598.7,51701.8,16.631335852910347,15.796719808868383,5.283476912551199,0.8346160440419634,,87.1,52.2,7.4,2.5,19.5,4.9
2018-01-01,317,8902.0,52692.799999999996,16.89414872620168,15.796719808868383,6.94719492788114,1.097428917333298,,87.1,52.2,7.4,2.5,19.5,4.9
2019-01-01,317,7562.399999999999,44802.6,16.879377536125133,15.796719808868383,6.853686970183137,1.0826577272567501,,87.1,52.2,7.4,2.5,19.5,4.9
2009-01-01,318,13910.4,64147.399999999994,21.685056604008892,21.685056604008892,0.0,0.0,36000.0,62.5,40.2,8.2,22.8,14.6,4.9
2010-01-01,318,13218.5,62408.9,21.18047265694476,21.685056604008892,-2.326874014111857,-0.5045839470641305,36000.0,62.5,40.2,8.2,22.8,14.6,4.9
2011-01-01,318,13381.800000000001,66500.8,20.122765440415755,21.685056604008892,-7.2044596983174,-1.5622911635931374,36000.0,62.5,40.2,8.2,22.8,14.6,4.9
2012-01-01,318,12620.699999999999,68145.7,18.520170751786242,21.685056604008892,-14.594777915578794,-3.1648858522226497,36000.0,62.5,40.2,8.2,22.8,14.6,4.9
2013-01-01,318,12629.800000000001,65608.79999999999,19.25016156369268,21.685056604008892,-11.228446781485813,-2.4348950403162135,36000.0,62.5,40.2,8.2,22.8,14.6,4.9
2014-01-01,318,12722.999999999998,64124.99999999999,19.84093567251462,21.685056604008892,-8.504109374348367,-1.8441209314942704,36000.0,62.5,40.2,8.2,22.8,14.6,4.9
2015-01-01,318,13002.999999999998,63896.2,20.350192969221954,21.685056604008892,-6.1556843459664385,-1.334863634786938,36000.0,62.5,40.2,8.2,22.8,14.6,4.9
2016-01-01,318,13774.2,64761.600000000006,21.26908538393122,21.685056604008892,-1.918239032868252,-0.4159712200776724,36000.0,62.5,40.2,8.2,22.8,14.6,4.9
2017-01-01,318,13851.099999999999,65058.8,21.29012524055162,21.685056604008892,-1.8212143535943581,-0.3949313634572711,36000.0,62.5,40.2,8.2,22.8,14.6,4.9
2018-01-01,318,13957.399999999998,66402.69999999998,21.019326021381662,21.685056604008892,-3.0699969789525827,-0.66573058262723,36000.0,62.5,40.2,8.2,22.8,14.6,4.9
2019-01-01,318,11688.600000000002,56379.0,20.732187516628535,21.685056604008892,-4.394127738657605,-0.9528690873803569,36000.0,62.5,40.2,8.2,22.8,14.6,4.9
2009-01-01,401,12804.7,52505.00000000001,24.38758213503476,24.38758213503476,0.0,0.0,51000.0,6.7,40.1,26.8,47.3,18.1,5.0
2010-01-01,401,12111.399999999998,48736.69999999999,24.850677210397915,24.38758213503476,1.8988970403010175,0.46309507536315664,51000.0,6.7,40.1,26.8,47.3,18.1,5.0
2011-01-01,401,12537.5,51120.100000000006,24.525578001607975,24.38758213503476,0.5658448049877585,0.13799586657321683,51000.0,6.7,40.1,26.8,47.3,18.1,5.0
2012-01-01,401,11869.1,49185.3,24.131396982431742,24.38758213503476,-1.050473766462423,-0.2561851526030168,51000.0,6.7,40.1,26.8,47.3,18.1,5.0
2013-01-01,401,12147.199999999999,49041.600000000006,24.769175557078068,24.38758213503476,1.5647037903569805,0.38159342204330926,51000.0,6.7,40.1,26.8,47.3,18.1,5.0
2014-01-01,401,12936.5,49191.700000000004,26.298135661097295,24.38758213503476,7.834124414153676,1.910553526062536,51000.0,6.7,40.1,26.8,47.3,18.1,5.0
2015-01-01,401,13165.2,47902.299999999996,27.48344025234697,24.38758213503476,12.694403652524278,3.0958581173122113,51000.0,6.7,40.1,26.8,47.3,18.1,5.0
2016-01-01,401,13857.000000000002,46982.299999999996,29.494086070711745,24.38758213503476,20.93895125561085,5.106503935676987,51000.0,6.7,40.1,26.8,47.3,18.1,5.0
2017-01-01,401,13959.500000000002,46173.0,30.233036623134733,24.38758213503476,23.968979194958816,5.845454488099975,51000.0,6.7,40.1,26.8,47.3,18.1,5.0
2018-01-01,401,14473.900000000001,47050.9,30.762217088302247,24.38758213503476,26.13885590613676,6.374634953267488,51000.0,6.7,40.1,26.8,47.3,18.1,5.0
2019-01-01,401,12437.400000000001,40075.7,31.03476670401266,24.38758213503476,27.256431294304818,6.647184568977902,51000.0,6.7,40.1,26.8,47.3,18.1,5.0
2009-01-01,402,7828.400000000001,32472.699999999993,24.107635028808822,24.107635028808822,0.0,0.0,101000.0,1.4,54.8,32.4,28.2,18.8,3.2
2010-01-01,402,7486.299999999999,32001.299999999996,23.39373712942912,24.107635028808822,-2.961293791475561,-0.7138978993797025,101000.0,1.4,54.8,32.4,28.2,18.8,3.2
2011-01-01,402,7740.600000000001,33491.100000000006,23.112408968352785,24.107635028808822,-4.128260857055177,-0.9952260604560372,101000.0,1.4,54.8,32.4,28.2,18.8,3.2
2012-01-01,402,7603.6,32838.7,23.154387962982703,24.107635028808822,-3.954129323291067,-0.953247065826119,101000.0,1.4,54.8,32.4,28.2,18.8,3.2
2013-01-01,402,7708.4,32943.1,23.39913365773106,24.107635028808822,-2.938908649608718,-0.7085013710777623,101000.0,1.4,54.8,32.4,28.2,18.8,3.2
2014-01-01,402,8277.900000000001,33893.0,24.42362729767209,24.107635028808822,1.3107559845072059,0.31599226886326903,101000.0,1.4,54.8,32.4,28.2,18.8,3.2
2015-01-01,402,8640.5,34207.399999999994,25.25915445196069,24.107635028808822,4.776575644088665,1.1515194231518677,101000.0,1.4,54.8,32.4,28.2,18.8,3.2
2016-01-01,402,9178.999999999998,34754.399999999994,26.411044356973505,24.107635028808822,9.55468807044777,2.3034093281646832,101000.0,1.4,54.8,32.4,28.2,18.8,3.2
2017-01-01,402,9392.8,34973.600000000006,26.856829151131134,24.107635028808822,11.403831686671051,2.7491941223223115,101000.0,1.4,54.8,32.4,28.2,18.8,3.2
2018-01-01,402,9787.4,35666.0,27.441821342454997,24.107635028808822,13.830416420614444,3.3341863136461747,101000.0,1.4,54.8,32.4,28.2,18.8,3.2
2019-01-01,402,8255.7,30186.600000000002,27.348889904792195,24.107635028808822,13.444930919644538,3.2412548759833726,101000.0,1.4,54.8,32.4,28.2,18.8,3.2
2009-01-01,403,9379.6,57123.6,16.41983348388407,16.41983348388407,0.0,0.0,,4.8,59.8,66.9,10.0,24.0,3.7
2010-01-01,403,8882.6,55768.9,15.92751515629679,16.41983348388407,-2.9983149833430756,-0.4923183275872791,,4.8,59.8,66.9,10.0,24.0,3.7
2011-01-01,403,9124.199999999999,58550.399999999994,15.583497294638466,16.41983348388407,-5.093451100259083,-0.8363361892456034,,4.8,59.8,66.9,10.0,24.0,3.7
2012-01-01,403,8696.0,56707.3,15.334886337385134,16.41983348388407,-6.6075404940239,-1.0849471464989353,,4.8,59.8,66.9,10.0,24.0,3.7
2013-01-01,403,8750.4,55964.2,15.635709971731929,16.41983348388407,-4.775465676443991,-0.7841235121521404,,4.8,59.8,66.9,10.0,24.0,3.7
2014-01-01,403,8912.5,56719.600000000006,15.71326314007856,16.41983348388407,-4.30315170064911,-0.7065703438055095,,4.8,59.8,66.9,10.0,24.0,3.7
2015-01-01,403,9269.7,57016.100000000006,16.25803939588993,16.41983348388407,-0.9853576660989738,-0.16179408799413864,,4.8,59.8,66.9,10.0,24.0,3.7
2016-01-01,403,9903.0,57855.0,17.116930256676174,16.41983348388407,4.245455798783215,0.6970967727921042,,4.8,59.8,66.9,10.0,24.0,3.7
2017-01-01,403,10042.099999999999,57658.0,17.416663776058826,16.41983348388407,6.070891602848083,0.9968302921747565,,4.8,59.8,66.9,10.0,24.0,3.7
2018-01-01,403,10115.9,58404.000000000015,17.320560235600297,16.41983348388407,5.485602229768549,0.9007267517162276,,4.8,59.8,66.9,10.0,24.0,3.7
2019-01-01,403,8537.6,50232.2,16.996269325253525,16.41983348388407,3.5106071077713574,0.5764358413694559,,4.8,59.8,66.9,10.0,24.0,3.7
2009-01-01,404,7863.1,52371.6,15.014053418264862,15.014053418264862,0.0,0.0,,7.6,62.9,49.7,6.7,25.6,3.6
2010-01-01,404,7480.499999999999,51291.0,14.584430016962038,15.014053418264862,-2.861475108248779,-0.4296234013028233,,7.6,62.9,49.7,6.7,25.6,3.6
2011-01-01,404,7665.300000000001,52846.6,14.504812040888156,15.014053418264862,-3.3917647898948022,-0.5092413773767053,,7.6,62.9,49.7,6.7,25.6,3.6
2012-01-01,404,7312.899999999999,51441.700000000004,14.215898774729446,15.014053418264862,-5.316050378270576,-0.7981546435354154,,7.6,62.9,49.7,6.7,25.6,3.6
2013-01-01,404,7416.900000000001,50083.399999999994,14.809098423829056,15.014053418264862,-1.3650876863570693,-0.20495499443580556,,7.6,62.9,49.7,6.7,25.6,3.6
2014-01-01,404,7587.400000000001,50128.9,15.135779959265017,15.014053418264862,0.8107506854349689,0.12172654100015556,,7.6,62.9,49.7,6.7,25.6,3.6
2015-01-01,404,7891.700000000001,49904.7,15.813540608399613,15.014053418264862,5.324925707019013,0.7994871901347516,,7.6,62.9,49.7,6.7,25.6,3.6
2016-01-01,404,8399.499999999998,48705.99999999999,17.245308586211145,15.014053418264862,14.86111115890878,2.2312551679462835,,7.6,62.9,49.7,6.7,25.6,3.6
2017-01-01,404,8680.699999999999,47457.99999999999,18.291331282397067,15.014053418264862,21.82806849578236,3.2772778641322056,,7.6,62.9,49.7,6.7,25.6,3.6
2018-01-01,404,8863.4,47833.8,18.529575321216377,15.014053418264862,23.41487541715299,3.515521902951516,,7.6,62.9,49.7,6.7,25.6,3.6
2019-01-01,404,7605.500000000001,40786.799999999996,18.646964213912348,15.014053418264862,24.19673551466113,3.6329107956474864,,7.6,62.9,49.7,6.7,25.6,3.6
2009-01-01,405,15650.800000000001,59384.7,26.35493654089353,26.35493654089353,0.0,0.0,,1.3,39.5,36.5,52.1,16.8,3.8
2010-01-01,405,14760.9,58495.80000000001,25.234119372672904,26.35493654089353,-4.252778854092531,-1.1208171682206256,,1.3,39.5,36.5,52.1,16.8,3.8
2011-01-01,405,15263.399999999998,60850.1,25.08360709349697,26.35493654089353,-4.8238759574469325,-1.2713294473965604,,1.3,39.5,36.5,52.1,16.8,3.8
2012-01-01,405,14330.300000000001,59551.299999999996,24.06379037905134,26.35493654089353,-8.693423178185766,-2.291146161842189,,1.3,39.5,36.5,52.1,16.8,3.8
2013-01-01,405,14567.900000000003,58483.2,24.90954667323266,26.35493654089353,-5.484323080870013,-1.445389867660868,,1.3,39.5,36.5,52.1,16.8,3.8
2014-01-01,405,14920.9,57169.70000000001,26.099314846850685,26.35493654089353,-0.9699195960734319,-0.2556216940428442,,1.3,39.5,36.5,52.1,16.8,3.8
2015-01-01,405,15407.299999999997,56187.8,27.421077173336556,26.35493654089353,4.0453166365578275,1.0661406324430267,,1.3,39.5,36.5,52.1,16.8,3.8
2016-01-01,405,16233.8,55550.20000000001,29.22365716055027,26.35493654089353,10.884946033565669,2.8687206196567416,,1.3,39.5,36.5,52.1,16.8,3.8
2017-01-01,405,15987.6,54490.80000000001,29.339998678676025,26.35493654089353,11.326387119736502,2.9850621377824957,,1.3,39.5,36.5,52.1,16.8,3.8
2018-01-01,405,15954.099999999999,56488.3,28.24319372330199,26.35493654089353,7.164719138968723,1.8882571824084593,,1.3,39.5,36.5,52.1,16.8,3.8
2019-01-01,405,13478.699999999999,47823.1,28.184496613561226,26.35493654089353,6.942001434262113,1.8295600726676966,,1.3,39.5,36.5,52.1,16.8,3.8
2009-01-01,406,8884.2,33618.4,26.426599719201395,26.426599719201395,0.0,0.0,,2.8,50.6,15.8,48.6,15.1,3.1
2010-01-01,406,8428.4,33054.3,25.49864919238949,26.426599719201395,-3.5114261262210844,-0.9279505268119053,,2.8,50.6,15.8,48.6,15.1,3.1
2011-01-01,406,8537.3,34678.2,24.618636492090133,26.426599719201395,-6.841452348474508,-1.8079632271112622,,2.8,50.6,15.8,48.6,15.1,3.1
2012-01-01,406,8359.5,33902.0,24.657837295734765,26.426599719201395,-6.693113916511395,-1.7687624234666295,,2.8,50.6,15.8,48.6,15.1,3.1
2013-01-01,406,8248.0,33497.5,24.62273303977909,26.426599719201395,-6.825950741258735,-1.8038666794223062,,2.8,50.6,15.8,48.6,15.1,3.1
2014-01-01,406,8576.4,33384.90000000001,25.68945840784306,26.426599719201395,-2.7893914434354294,-0.7371413113583358,,2.8,50.6,15.8,48.6,15.1,3.1
2015-01-01,406,8869.799999999997,32998.9,26.879077787441393,26.426599719201395,1.712206916697001,0.4524780682399978,,2.8,50.6,15.8,48.6,15.1,3.1
2016-01-01,406,9273.7,33239.3,27.899805350894873,26.426599719201395,5.574707481655516,1.473205631693478,,2.8,50.6,15.8,48.6,15.1,3.1
2017-01-01,406,9277.400000000001,33373.7,27.798535972936776,26.426599719201395,5.191497462076211,1.371936253735381,,2.8,50.6,15.8,48.6,15.1,3.1
2018-01-01,406,9365.2,33332.4,28.09638669882757,26.426599719201395,6.318584295250518,1.6697869796261742,,2.8,50.6,15.8,48.6,15.1,3.1
2019-01-01,406,7811.099999999999,28455.199999999997,27.450518710112735,26.426599719201395,3.874577137396029,1.0239189909113406,,2.8,50.6,15.8,48.6,15.1,3.1
2009-01-01,407,17938.1,78047.5,22.98356769915756,22.98356769915756,0.0,0.0,54000.0,2.1,57.2,17.4,25.7,25.5,2.8
2010-01-01,407,16922.699999999997,75179.7,22.509666838255537,22.98356769915756,-2.061911654035309,-0.4739008609020239,54000.0,2.1,57.2,17.4,25.7,25.5,2.8
2011-01-01,407,17149.6,79048.2,21.695117662388263,22.98356769915756,-5.605961849067165,-1.288450036769298,54000.0,2.1,57.2,17.4,25.7,25.5,2.8
2012-01-01,407,15908.4,77139.0,20.623031151557576,22.98356769915756,-10.270540146325969,-2.3605365475999847,54000.0,2.1,57.2,17.4,25.7,25.5,2.8
2013-01-01,407,16396.2,76810.79999999999,21.346216938243064,22.98356769915756,-7.124006082721934,-1.6373507609144973,54000.0,2.1,57.2,17.4,25.7,25.5,2.8
2014-01-01,407,16756.9,77476.90000000001,21.628253066397853,22.98356769915756,-5.896885333469726,-1.3553146327597076,54000.0,2.1,57.2,17.4,25.7,25.5,2.8
2015-01-01,407,17100.4,77321.70000000001,22.115913126586715,22.98356769915756,-3.7751083031493327,-0.8676545725708458,54000.0,2.1,57.2,17.4,25.7,25.5,2.8
2016-01-01,407,17730.3,77379.50000000001,22.913433144437477,22.98356769915756,-0.3051508609895004,-0.07013455472008445,54000.0,2.1,57.2,17.4,25.7,25.5,2.8
2017-01-01,407,17787.2,76500.9,23.25096828926196,22.98356769915756,1.163442480316923,0.26740059010439765,54000.0,2.1,57.2,17.4,25.7,25.5,2.8
2018-01-01,407,18216.6,75229.40000000001,24.214735196611958,22.98356769915756,5.356729266620874,1.231167497454397,54000.0,2.1,57.2,17.4,25.7,25.5,2.8
2019-01-01,407,15311.7,64784.69999999999,23.634747093063645,22.98356769915756,2.8332389576312567,0.6511793939060837,54000.0,2.1,57.2,17.4,25.7,25.5,2.8
2009-01-01,408,9905.5,42020.8,23.572849636370556,23.572849636370556,0.0,0.0,,11.5,46.9,19.2,30.6,20.8,5.3
2010-01-01,408,9728.4,41442.7,23.474339268435696,23.572849636370556,-0.4178975790133932,-0.09851036793486045,,11.5,46.9,19.2,30.6,20.8,5.3
2011-01-01,408,9922.800000000001,44473.9,22.311513044729608,23.572849636370556,-5.350802347183481,-1.2613365916409478,,11.5,46.9,19.2,30.6,20.8,5.3
2012-01-01,408,9637.300000000001,43623.9,22.09178913393805,23.572849636370556,-6.282908198537762,-1.4810605024325056,,11.5,46.9,19.2,30.6,20.8,5.3
2013-01-01,408,9589.3,42943.5,22.330038306146445,23.572849636370556,-5.27221506689024,-1.2428113302241108,,11.5,46.9,19.2,30.6,20.8,5.3
2014-01-01,408,9756.2,43675.6,22.337872862651,23.572849636370556,-5.238979558135859,-1.2349767737195556,,11.5,46.9,19.2,30.6,20.8,5.3
2015-01-01,408,9863.8,43434.9,22.709388072724927,23.572849636370556,-3.662949439567942,-0.8634615636456289,,11.5,46.9,19.2,30.6,20.8,5.3
2016-01-01,408,10435.9,43435.99999999999,24.025923197347826,23.572849636370556,1.922014385050086,0.4530735609772698,,11.5,46.9,19.2,30.6,20.8,5.3
2017-01-01,408,10281.699999999999,41973.5,24.495693711508448,23.572849636370556,3.9148600588112092,0.9228440751378919,,11.5,46.9,19.2,30.6,20.8,5.3
2018-01-01,408,10289.599999999999,42724.7,24.083492686900083,23.572849636370556,2.1662338597437047,0.5106430505295272,,11.5,46.9,19.2,30.6,20.8,5.3
2019-01-01,408,8685.8,36920.1,23.525938445453832,23.572849636370556,-0.19900517604093393,-0.04691119091672391,,11.5,46.9,19.2,30.6,20.8,5.3
2009-01-01,409,10063.899999999998,48893.100000000006,20.583477014139,20.583477014139,0.0,0.0,,5.5,50.8,42.2,18.0,21.5,4.7
2010-01-01,409,9686.6,48086.5,20.14411529223379,20.583477014139,-2.134535975644003,-0.43936172190521106,,5.5,50.8,42.2,18.0,21.5,4.7
2011-01-01,409,9869.4,50337.9,19.606300620407286,20.583477014139,-4.747382539210854,-0.9771763937317139,,5.5,50.8,42.2,18.0,21.5,4.7
2012-01-01,409,9556.300000000001,48649.49999999999,19.643161800224057,20.583477014139,-4.568301134298302,-0.9403152139149427,,5.5,50.8,42.2,18.0,21.5,4.7
2013-01-01,409,9697.300000000001,47864.700000000004,20.259815688806157,20.583477014139,-1.5724327095490986,-0.32366132533284286,,5.5,50.8,42.2,18.0,21.5,4.7
2014-01-01,409,10101.199999999999,47841.4,21.113930612398462,20.583477014139,2.577084512471295,0.5304535982594629,,5.5,50.8,42.2,18.0,21.5,4.7
2015-01-01,409,10495.5,47565.4,22.065408889655085,20.583477014139,7.1996187743117,1.4819318755160857,,5.5,50.8,42.2,18.0,21.5,4.7
2016-01-01,409,11208.500000000002,47764.1,23.466369093105495,20.583477014139,14.005855652989085,2.8828920789664956,,5.5,50.8,42.2,18.0,21.5,4.7
2017-01-01,409,11243.699999999999,47664.50000000001,23.589254057002584,20.583477014139,14.602863455959781,3.005777042863585,,5.5,50.8,42.2,18.0,21.5,4.7
2018-01-01,409,11473.3,46398.4,24.727792337666813,20.583477014139,20.134184912884457,4.144315323527813,,5.5,50.8,42.2,18.0,21.5,4.7
2019-01-01,409,9855.5,39453.49999999999,24.980039793681176,20.583477014139,21.35967007188402,4.396562779542176,,5.5,50.8,42.2,18.0,21.5,4.7
2009-01-01,410,10011.5,44462.899999999994,22.51652501298836,22.51652501298836,0.0,0.0,38000.0,14.8,45.0,25.7,21.7,17.3,5.7
2010-01-01,410,9450.900000000001,43461.3,21.745552940201975,22.51652501298836,-3.424027785555983,-0.7709720727863854,38000.0,14.8,45.0,25.7,21.7,17.3,5.7
2011-01-01,410,9502.7,46479.1,20.445103282980956,22.51652501298836,-9.199562227353164,-2.0714217300074047,38000.0,14.8,45.0,25.7,21.7,17.3,5.7
2012-01-01,410,8994.1,45062.5,19.959167822468793,22.51652501298836,-11.357690358722717,-2.557357190519568,38000.0,14.8,45.0,25.7,21.7,17.3,5.7
2013-01-01,410,9176.000000000002,46396.299999999996,19.77743914924251,22.51652501298836,-12.164780587438973,-2.7390858637458493,38000.0,14.8,45.0,25.7,21.7,17.3,5.7
2014-01-01,410,9209.5,45081.50000000001,20.42855716868338,22.51652501298836,-9.27304654293042,-2.0879678443049805,38000.0,14.8,45.0,25.7,21.7,17.3,5.7
2015-01-01,410,9445.5,43723.4,21.602848817795504,22.51652501298836,-4.057802856638915,-0.9136761951928563,38000.0,14.8,45.0,25.7,21.7,17.3,5.7
2016-01-01,410,10233.3,41119.3,24.886853618617046,22.51652501298836,10.527062254328289,2.3703286056286856,38000.0,14.8,45.0,25.7,21.7,17.3,5.7
2017-01-01,410,10105.499999999998,41358.200000000004,24.43409045848223,22.51652501298836,8.516258367522301,1.9175654454938709,38000.0,14.8,45.0,25.7,21.7,17.3,5.7
2018-01-01,410,10324.1,43759.90000000001,23.592604187852345,22.51652501298836,4.779064150632761,1.0760791748639846,38000.0,14.8,45.0,25.7,21.7,17.3,5.7
2019-01-01,410,8832.6,38575.600000000006,22.89685708064165,22.51652501298836,1.6891241762834186,0.3803320676532884,38000.0,14.8,45.0,25.7,21.7,17.3,5.7
2009-01-01,411,11285.6,38191.6,29.549953392892682,29.549953392892682,0.0,0.0,52000.0,1.9,42.9,11.5,40.5,14.1,3.2
2010-01-01,411,10550.8,36479.1,28.92286268027446,29.549953392892682,-2.1221377383595086,-0.627090712618223,52000.0,1.9,42.9,11.5,40.5,14.1,3.2
2011-01-01,411,10608.000000000002,38456.2,27.58462874647002,29.549953392892682,-6.65085531706916,-1.965324646422662,52000.0,1.9,42.9,11.5,40.5,14.1,3.2
2012-01-01,411,9981.1,37420.00000000001,26.6731694281133,29.549953392892682,-9.735324880313689,-2.8767839647793814,52000.0,1.9,42.9,11.5,40.5,14.1,3.2
2013-01-01,411,10204.300000000001,36277.59999999999,28.128376739365347,29.549953392892682,-4.8107576842041695,-1.4215766535273353,52000.0,1.9,42.9,11.5,40.5,14.1,3.2
2014-01-01,411,10464.099999999999,36010.5,29.05846905763596,29.549953392892682,-1.6632321842339426,-0.49148433525672175,52000.0,1.9,42.9,11.5,40.5,14.1,3.2
2015-01-01,411,10654.300000000001,35899.3,29.67829456284663,29.549953392892682,0.4343193650681698,0.1283411699539485,52000.0,1.9,42.9,11.5,40.5,14.1,3.2
2016-01-01,411,10956.9,35051.9,31.259075827558565,29.549953392892682,5.783841388653288,1.7091224346658827,52000.0,1.9,42.9,11.5,40.5,14.1,3.2
2017-01-01,411,10861.9,31810.2,34.1459657594105,29.549953392892682,15.553365873068504,4.596012366517819,52000.0,1.9,42.9,11.5,40.5,14.1,3.2
2018-01-01,411,10944.800000000001,33468.9,32.7014033924031,29.549953392892682,10.664822233758242,3.151449999510419,52000.0,1.9,42.9,11.5,40.5,14.1,3.2
2019-01-01,411,9032.4,28939.200000000004,31.21164372201028,29.549953392892682,5.623326395896333,1.6616903291175973,52000.0,1.9,42.9,11.5,40.5,14.1,3.2
2009-01-01,412,13063.5,79745.1,16.381570779897448,16.381570779897448,0.0,0.0,26000.0,61.2,42.7,16.7,1.7,19.0,7.1
2010-01-01,412,12586.3,77221.7,16.298915978280718,16.381570779897448,-0.5045596831175669,-0.08265480161673011,26000.0,61.2,42.7,16.7,1.7,19.0,7.1
2011-01-01,412,12680.099999999999,81401.20000000001,15.577288786897487,16.381570779897448,-4.909675658129997,-0.804281992999961,26000.0,61.2,42.7,16.7,1.7,19.0,7.1
2012-01-01,412,12287.100000000002,78924.9,15.568090678607135,16.381570779897448,-4.965824780909111,-0.8134801012903132,26000.0,61.2,42.7,16.7,1.7,19.0,7.1
2013-01-01,412,12565.1,78140.4,16.080158279200006,16.381570779897448,-1.839948712777395,-0.30141250069744174,26000.0,61.2,42.7,16.7,1.7,19.0,7.1
2014-01-01,412,13063.1,77976.99999999999,16.752503943470515,16.381570779897448,2.264332087300547,0.37093316357306705,26000.0,61.2,42.7,16.7,1.7,19.0,7.1
2015-01-01,412,13771.599999999999,78281.5,17.592406890516916,16.381570779897448,7.391453035171325,1.2108361106194678,26000.0,61.2,42.7,16.7,1.7,19.0,7.1
2016-01-01,412,14916.800000000001,78432.1,19.018743601153098,16.381570779897448,16.098412397007998,2.63717282125565,26000.0,61.2,42.7,16.7,1.7,19.0,7.1
2017-01-01,412,15034.199999999999,78741.5,19.093108462500712,16.381570779897448,16.55236679702725,2.7115376826032644,26000.0,61.2,42.7,16.7,1.7,19.0,7.1
2018-01-01,412,15397.200000000003,80425.59999999999,19.14465045955517,16.381570779897448,16.867000831497904,2.7630796796577215,26000.0,61.2,42.7,16.7,1.7,19.0,7.1
2019-01-01,412,13316.0,69934.09999999999,19.04078267969417,16.381570779897448,16.232948204576083,2.6592118997967233,26000.0,61.2,42.7,16.7,1.7,19.0,7.1
2009-01-01,413,14448.0,66140.7,21.84434092774948,21.84434092774948,0.0,0.0,40000.0,55.7,42.0,12.3,11.4,12.3,5.0
2010-01-01,413,13563.999999999998,63563.299999999996,21.339357774061448,21.84434092774948,-2.311734445814928,-0.504983153688034,40000.0,55.7,42.0,12.3,11.4,12.3,5.0
2011-01-01,413,13618.4,66045.9,20.619599399811346,21.84434092774948,-5.606676493417629,-1.2247415279381357,40000.0,55.7,42.0,12.3,11.4,12.3,5.0
2012-01-01,413,13168.399999999998,65302.700000000004,20.165169280902624,21.84434092774948,-7.6869869976885274,-1.6791716468468572,40000.0,55.7,42.0,12.3,11.4,12.3,5.0
2013-01-01,413,13433.4,63407.3,21.18588869104977,21.84434092774948,-3.014292071697444,-0.6584522366997128,40000.0,55.7,42.0,12.3,11.4,12.3,5.0
2014-01-01,413,13585.100000000002,63395.50000000001,21.429123518230792,21.84434092774948,-1.9008008110294017,-0.41521740951868935,40000.0,55.7,42.0,12.3,11.4,12.3,5.0
2015-01-01,413,13979.3,62515.0,22.36151323682316,21.84434092774948,2.367534506004265,0.5171723090736791,40000.0,55.7,42.0,12.3,11.4,12.3,5.0
2016-01-01,413,14960.4,62441.299999999996,23.95914242656703,21.84434092774948,9.681232799892147,2.114801498817549,40000.0,55.7,42.0,12.3,11.4,12.3,5.0
2017-01-01,413,14723.199999999999,63397.1,23.223775220002178,21.84434092774948,6.3148359422479095,1.3794342922526965,40000.0,55.7,42.0,12.3,11.4,12.3,5.0
2018-01-01,413,15023.5,60576.7,24.800789742590798,21.84434092774948,13.534163491678775,2.956448814841316,40000.0,55.7,42.0,12.3,11.4,12.3,5.0
2019-01-01,413,12928.6,52807.49999999999,24.48250721961843,21.84434092774948,12.077115535756967,2.6381662918689486,40000.0,55.7,42.0,12.3,11.4,12.3,5.0
2009-01-01,414,5525.9,34451.6,16.039603385619245,16.039603385619245,0.0,0.0,29000.0,35.1,26.1,24.4,35.1,17.2,5.1
2010-01-01,414,5223.6,35185.200000000004,14.84601480167798,16.039603385619245,-7.441509339385599,-1.1935885839412652,29000.0,35.1,26.1,24.4,35.1,17.2,5.1
2011-01-01,414,5242.200000000001,37689.7,13.908839815652554,16.039603385619245,-13.284390634478449,-2.1307635699666907,29000.0,35.1,26.1,24.4,35.1,17.2,5.1
2012-01-01,414,4667.800000000001,36625.4,12.744707225040546,16.039603385619245,-20.542254576773576,-3.2948961605786984,29000.0,35.1,26.1,24.4,35.1,17.2,5.1
2013-01-01,414,4712.1,40780.2,11.554872217399623,16.039603385619245,-27.960361989003623,-4.484731168219621,29000.0,35.1,26.1,24.4,35.1,17.2,5.1
2014-01-01,414,4895.6,37773.5,12.960408752167526,16.039603385619245,-19.197448711309516,-3.079194633451719,29000.0,35.1,26.1,24.4,35.1,17.2,5.1
2015-01-01,414,5168.8,37308.1,13.854364065712272,16.039603385619245,-13.624023408622499,-2.185239319906973,29000.0,35.1,26.1,24.4,35.1,17.2,5.1
2016-01-01,414,5727.200000000001,36253.1,15.797821427684807,16.039603385619245,-1.5074060880533535,-0.24178195793443713,29000.0,35.1,26.1,24.4,35.1,17.2,5.1
2017-01-01,414,5821.900000000001,35465.9,16.415486424988508,16.039603385619245,2.343468415847938,0.37588303936926337,29000.0,35.1,26.1,24.4,35.1,17.2,5.1
2018-01-01,414,6170.400000000001,36021.59999999999,17.129722166699985,16.039603385619245,6.796419804607612,1.09011878108074,29000.0,35.1,26.1,24.4,35.1,17.2,5.1
2019-01-01,414,5343.599999999999,30083.2,17.76273800659504,16.039603385619245,10.743000182415475,1.7231346209757952,29000.0,35.1,26.1,24.4,35.1,17.2,5.1
2009-01-01,501,15130.699999999999,65311.6,23.16694124780284,23.16694124780284,0.0,0.0,27000.0,21.5,24.1,29.6,38.2,21.2,3.3
2010-01-01,501,14395.2,63810.600000000006,22.559261313950973,23.16694124780284,-2.623047761687136,-0.6076799338518661,27000.0,21.5,24.1,29.6,38.2,21.2,3.3
2011-01-01,501,14507.599999999999,66938.59999999999,21.672995849928146,23.16694124780284,-6.44860873904266,-1.4939453978746933,27000.0,21.5,24.1,29.6,38.2,21.2,3.3
2012-01-01,501,13609.099999999999,63302.00000000001,21.498688824997625,23.16694124780284,-7.2010042454932695,-1.6682524228052138,27000.0,21.5,24.1,29.6,38.2,21.2,3.3
2013-01-01,501,14263.000000000002,61879.299999999996,23.04971129279097,23.16694124780284,-0.5060225851912459,-0.11722995501186873,27000.0,21.5,24.1,29.6,38.2,21.2,3.3
2014-01-01,501,14571.0,61297.099999999984,23.771108257976323,23.16694124780284,2.6078842420804493,0.6041670101734837,27000.0,21.5,24.1,29.6,38.2,21.2,3.3
2015-01-01,501,14329.199999999999,59724.799999999996,23.992043506215175,23.16694124780284,3.561550269354563,0.8251022584123362,27000.0,21.5,24.1,29.6,38.2,21.2,3.3
2016-01-01,501,15236.099999999999,59948.50000000002,25.415314811880187,23.16694124780284,9.705094600222996,2.2483735640773475,27000.0,21.5,24.1,29.6,38.2,21.2,3.3
2017-01-01,501,15375.899999999998,60813.49999999999,25.283695232144176,23.16694124780284,9.136959263200485,2.1167539843413365,27000.0,21.5,24.1,29.6,38.2,21.2,3.3
2018-01-01,501,15518.800000000001,61939.1,25.054932990631123,23.16694124780284,8.14950805388408,1.8879917428282837,27000.0,21.5,24.1,29.6,38.2,21.2,3.3
2019-01-01,501,13180.900000000001,52276.1,25.21400793096654,23.16694124780284,8.836154334175838,2.0470666831637025,27000.0,21.5,24.1,29.6,38.2,21.2,3.3
2009-01-01,502,13451.499999999998,52194.50000000001,25.77187251530333,25.77187251530333,0.0,0.0,37000.0,4.1,28.0,13.7,66.5,14.9,3.2
2010-01-01,502,12934.600000000002,51386.49999999999,25.171202553199777,25.77187251530333,-2.3307191270128924,-0.6006699621035523,37000.0,4.1,28.0,13.7,66.5,14.9,3.2
2011-01-01,502,13094.7,54163.90000000001,24.176065608274143,25.77187251530333,-6.192048738723177,-1.5958069070291856,37000.0,4.1,28.0,13.7,66.5,14.9,3.2
2012-01-01,502,12062.800000000001,52835.700000000004,22.83077540375163,25.77187251530333,-11.412042760204077,-2.9410971115516986,37000.0,4.1,28.0,13.7,66.5,14.9,3.2
2013-01-01,502,12505.400000000001,52337.1,23.893949034241487,25.77187251530333,-7.2867172532641185,-1.877923481061842,37000.0,4.1,28.0,13.7,66.5,14.9,3.2
2014-01-01,502,12654.3,50478.8,25.06854362623517,25.77187251530333,-2.729056216813597,-0.7033288890681604,37000.0,4.1,28.0,13.7,66.5,14.9,3.2
2015-01-01,502,12555.599999999997,49379.799999999996,25.426591440224538,25.77187251530333,-1.3397593631342186,-0.34528107507879113,37000.0,4.1,28.0,13.7,66.5,14.9,3.2
2016-01-01,502,12949.799999999997,49310.0,26.26201581829243,25.77187251530333,1.9018536689487942,0.49014330298910025,37000.0,4.1,28.0,13.7,66.5,14.9,3.2
2017-01-01,502,12946.6,49785.49999999999,26.00476042221129,25.77187251530333,0.9036514780587757,0.2328879069079619,37000.0,4.1,28.0,13.7,66.5,14.9,3.2
2018-01-01,502,12953.400000000001,50817.7,25.48993756112536,25.77187251530333,-1.0939637933198632,-0.2819349541779701,37000.0,4.1,28.0,13.7,66.5,14.9,3.2
2019-01-01,502,10953.9,43592.399999999994,25.128003963993727,25.77187251530333,-2.498338259772448,-0.6438685513096019,37000.0,4.1,28.0,13.7,66.5,14.9,3.2
2009-01-01,503,18920.5,70029.0,27.018092504533836,27.018092504533836,0.0,0.0,44000.0,1.0,15.6,9.9,83.4,12.3,3.2
2010-01-01,503,18127.1,69164.5,26.20867641636967,27.018092504533836,-2.995829879656897,-0.8094160881641663,44000.0,1.0,15.6,9.9,83.4,12.3,3.2
2011-01-01,503,18185.5,72196.2,25.18899886697638,27.018092504533836,-6.769884429296857,-1.829093637557456,44000.0,1.0,15.6,9.9,83.4,12.3,3.2
2012-01-01,503,16740.1,69398.3,24.12177243534784,27.018092504533836,-10.719928021195324,-2.8963200691859967,44000.0,1.0,15.6,9.9,83.4,12.3,3.2
2013-01-01,503,17358.6,68919.2,25.186885512310063,27.018092504533836,-6.7777064273374705,-1.8312069922237733,44000.0,1.0,15.6,9.9,83.4,12.3,3.2
2014-01-01,503,17605.799999999996,68155.6,25.831773177845978,27.018092504533836,-4.390833018610718,-1.1863193266878582,44000.0,1.0,15.6,9.9,83.4,12.3,3.2
2015-01-01,503,17131.6,66880.4,25.61527742058959,27.018092504533836,-5.192132211808975,-1.4028150839442475,44000.0,1.0,15.6,9.9,83.4,12.3,3.2
2016-01-01,503,17717.7,66822.2,26.514691225371212,27.018092504533836,-1.8632006648069188,-0.5034012791626239,44000.0,1.0,15.6,9.9,83.4,12.3,3.2
2017-01-01,503,17746.5,67976.7,26.1067395151574,27.018092504533836,-3.373121138079993,-0.9113529893764358,44000.0,1.0,15.6,9.9,83.4,12.3,3.2
2018-01-01,503,17926.2,69212.6,25.900197362907907,27.018092504533836,-4.137579814112858,-1.1178951416259295,44000.0,1.0,15.6,9.9,83.4,12.3,3.2
2019-01-01,503,15051.8,58723.2,25.631777559806007,27.018092504533836,-5.131061508117918,-1.386314944727829,44000.0,1.0,15.6,9.9,83.4,12.3,3.2
